control_id,framework,framework_version,part_number,part_title,section_number,section_title,subsection,paragraph,legal_reference,legal_requirement,requirement_id,control_title,control_description,plain_language_question,why_this_matters,implementation_guidance,expected_state,response_type,answer_options,required,applicability,applicability_question,role_scope,evidence_required,evidence_examples,evidence_strength,evidence_review_frequency,risk_category,default_risk_level,risk_rationale,remediation_guidance,suggested_task,suggested_task_priority,control_status,version,source_type,regulatory_status,notes
PDPA-002-001,Personal Data Protection Act,2022,I,Preliminary Provisions,2,Application,,,Section 2,"The Act applies to Mainland Tanzania and to Tanzania Zanzibar, save that in Tanzania Zanzibar it does not apply to non-union matters.",REQ-002-1,Territorial scope determination,"The organisation has determined which of its operations fall within the territorial scope of the Act, including whether any Zanzibar operations concern non-union matters.",Have you worked out which parts of your organisation and which activities the Tanzania Personal Data Protection Act applies to?,"Knowing exactly where the Act applies decides which of your teams, systems and records have to follow it. Getting this wrong at the start makes every later answer unreliable.","Record the entities, branches and processing activities in scope. Note separately any activity carried out in Zanzibar that you consider a non-union matter, and the basis for that view. Whether a matter is a union matter is a constitutional question - take advice rather than deciding it informally.","A documented scoping statement listing in-scope entities, locations and processing activities, reviewed at least annually.",YES_PARTIAL_NO,Implemented | Partially implemented | Not implemented | Not applicable | I do not know,true,UNIVERSAL,,CONTROLLER_AND_PROCESSOR,RECOMMENDED_BY_DATAGUARD,Scoping Statement | Data Processing Register | Group Structure Chart,MODERATE,ANNUAL,GOVERNANCE,MEDIUM,"DataGuard default risk classification: Medium. An incorrect scope assessment silently invalidates the rest of the assessment, but it is a foundational rather than an operational failure.","Run a scoping workshop with legal, IT and business owners. Produce a written scope statement and have it approved by the accountable executive.",Document the territorial and organisational scope of PDPA applicability,MEDIUM,ACTIVE,1.0.0,ACT_DERIVED,NONE,"ACT_DERIVED. Section 2 states the territorial reach of the Act. The obligation to document a scoping exercise is DataGuard implementation practice, not a statutory requirement, and adds no new legal obligation."
PDPA-005-001,Personal Data Protection Act,2022,I,Preliminary Provisions,5,Principles of personal data protection,,(a),Section 5(a),"Personal data shall be processed lawfully, fairly and transparently.",REQ-005-A,"Lawful, fair and transparent processing","All processing of personal data is carried out on a lawful footing, is fair to the individuals concerned, and is explained to them openly.","Is every use you make of personal data lawful, fair to the people concerned, and openly explained to them?","This is the headline principle of the Act. If people are surprised or misled about what happens to their data, the processing is not fair or transparent even if nothing else has gone wrong.","Maintain a record of each processing activity with the lawful basis relied on, and a plain-language privacy notice that matches what actually happens. Check that the notice and the record agree.",A current processing record and a published privacy notice that accurately describe all processing activities.,YES_PARTIAL_NO,Implemented | Partially implemented | Not implemented | Not applicable | I do not know,true,UNIVERSAL,,CONTROLLER_AND_PROCESSOR,RECOMMENDED_BY_DATAGUARD,Privacy Policy | Privacy Notice | Data Processing Register | Data Protection Policy,MODERATE,ANNUAL,LAWFULNESS,HIGH,DataGuard default risk classification: High. Section 5 principles apply to every processing activity and are the benchmark against which complaints under section 39 are assessed.,"Build or refresh the processing register, assign a lawful basis to each activity, then rewrite the privacy notice so it matches.",Establish a processing register with a documented lawful basis for each activity,HIGH,ACTIVE,1.0.0,ACT_EXPLICIT,NONE,The Act states the principle but does not set out an exhaustive list of lawful bases. Lawfulness is assessed against the Act as a whole and against other written laws.
PDPA-005-002,Personal Data Protection Act,2022,I,Preliminary Provisions,5,Principles of personal data protection,,(b),Section 5(b),"Personal data shall be collected for explicit, specified and legitimate purposes and not further processed in a manner incompatible with those purposes.",REQ-005-B,Purpose specification and limitation,"Each collection of personal data has a stated, specific and legitimate purpose recorded in advance, and later uses are checked against that purpose.","For each set of personal data you collect, have you written down exactly why you collect it, and do you keep uses within that reason?","Purpose is the anchor for almost every other duty in the Act - how long you keep data, who you may share it with, and whether a new use is allowed.",Record a specific purpose statement per processing activity. Avoid catch-all wording such as business purposes. Route any proposed new use through a compatibility check before it starts.,"Every processing activity in the register has an explicit purpose, and a documented route exists for approving new uses.",YES_PARTIAL_NO,Implemented | Partially implemented | Not implemented | Not applicable | I do not know,true,UNIVERSAL,,CONTROLLER_AND_PROCESSOR,RECOMMENDED_BY_DATAGUARD,Data Processing Register | Privacy Notice | Purpose Compatibility Assessment,MODERATE,ANNUAL,PURPOSE_LIMITATION,HIGH,DataGuard default risk classification: High. Purpose creep is the most common cause of downstream breaches of sections 25 and 26.,Document a purpose for each activity in the register and introduce a change-of-purpose approval step.,Record an explicit purpose for every processing activity,HIGH,ACTIVE,1.0.0,ACT_EXPLICIT,NONE,
PDPA-005-003,Personal Data Protection Act,2022,I,Preliminary Provisions,5,Principles of personal data protection,,(c),Section 5(c),"Personal data shall be adequate, relevant and limited to what is necessary in relation to the purposes for which it is processed.",REQ-005-C,Data minimisation,The organisation collects and retains only the personal data fields that are necessary for the stated purpose.,"Do you collect only the personal information you actually need for the purpose, and no more?","Every extra field you hold is extra risk if something goes wrong, and it is harder to justify to the Commission or to the person concerned.","Review forms, application screens and data feeds field by field against the recorded purpose. Remove or stop collecting fields that no longer earn their place.","A documented field-level review per collection point, with unnecessary fields removed.",YES_PARTIAL_NO,Implemented | Partially implemented | Not implemented | Not applicable | I do not know,true,UNIVERSAL,,CONTROLLER_AND_PROCESSOR,RECOMMENDED_BY_DATAGUARD,Data Minimisation Review | Data Processing Register | Form and Screen Inventory,MODERATE,ANNUAL,DATA_MINIMISATION,MEDIUM,"DataGuard default risk classification: Medium. Over-collection is a standing breach of section 5(c) and increases the impact of any incident, but it rarely causes immediate harm on its own.","Run a field-level review of the highest-volume collection points first, then work down.",Review collection forms and remove unnecessary personal data fields,MEDIUM,ACTIVE,1.0.0,ACT_EXPLICIT,NONE,
PDPA-005-004,Personal Data Protection Act,2022,I,Preliminary Provisions,5,Principles of personal data protection,,(d),Section 5(d),"Personal data shall be accurate and where necessary kept up to date, with every reasonable step taken to ensure that any inaccurate personal data is erased or rectified without delay.",REQ-005-D,Accuracy and prompt rectification,"The organisation keeps personal data accurate and up to date, and corrects or erases inaccurate data without delay once identified.","Do you keep personal information accurate and up to date, and fix or delete wrong information promptly when you find it?","Decisions made on wrong information can cause real harm to people, and the Act requires you to act without delay once you know.","Define how inaccuracies are reported and who fixes them, and set an internal turnaround target. The Act says without delay but does not fix a number of days, so any target you set is your own commitment.",A documented data quality and rectification process with a defined internal turnaround target and a log of corrections made.,YES_PARTIAL_NO,Implemented | Partially implemented | Not implemented | Not applicable | I do not know,true,UNIVERSAL,,CONTROLLER_AND_PROCESSOR,RECOMMENDED_BY_DATAGUARD,Data Quality Procedure | Rectification Log | Data Subject Rights Procedure,MODERATE,QUARTERLY,DATA_QUALITY,MEDIUM,DataGuard default risk classification: Medium. Inaccuracy is directly actionable by the Commission under section 38 and can found a compensation claim under section 37.,"Create a rectification workflow with an owner, a target turnaround and an audit log. Link it to the section 29 correction process.",Implement a data accuracy and rectification workflow,MEDIUM,ACTIVE,1.0.0,ACT_EXPLICIT,NONE,INTERPRETATION: any specific turnaround time an organisation sets is its own commitment. The Act says without delay and does not prescribe a period.
PDPA-005-005,Personal Data Protection Act,2022,I,Preliminary Provisions,5,Principles of personal data protection,,(e),Section 5(e),Personal data shall be stored in a form which permits identification of data subjects for no longer than is necessary for the purposes for which the personal data is processed.,REQ-005-E,Storage limitation,"Personal data is held in identifiable form only for as long as the purpose requires, after which it is disposed of or de-identified.",Do you stop keeping personal information in a form that identifies people once you no longer need it for the purpose?,"Holding identifiable data indefinitely creates risk with no offsetting benefit, and it is one of the easiest failures for a regulator to spot.","Read this together with section 28. Where a retention period is fixed by another written law or by regulations made under the Act, that period governs. Where it is not, justify the period against the purpose and record the reasoning.","A retention schedule covering all record types, with a defined end-of-life action for each.",YES_PARTIAL_NO,Implemented | Partially implemented | Not implemented | Not applicable | I do not know,true,UNIVERSAL,,CONTROLLER_AND_PROCESSOR,RECOMMENDED_BY_DATAGUARD,Retention Schedule | Disposal Log | Data Processing Register,MODERATE,ANNUAL,RETENTION,MEDIUM,DataGuard default risk classification: Medium. Over-retention breaches section 5(e) and compounds the impact of any security incident.,"Build a retention schedule keyed to record type and purpose, then automate or diarise the disposal step.",Produce a retention schedule covering all personal data record types,MEDIUM,ACTIVE,1.0.0,ACT_EXPLICIT,REGULATORY_DETAIL_PENDING,Section 28(2) empowers the Minister to prescribe retention and disposal by regulations. Do not assume a period that is not fixed by a relevant law or by those regulations.
PDPA-005-006,Personal Data Protection Act,2022,I,Preliminary Provisions,5,Principles of personal data protection,,(f),Section 5(f),Personal data shall be processed in accordance with the rights of a data subject.,REQ-005-F,Processing consistent with data subject rights,Processing operations are designed so that the rights in Part VI of the Act can actually be exercised and honoured.,Are your systems and processes set up so that people can actually exercise their rights over their data?,Rights that cannot be delivered in practice are a compliance failure even where nobody has yet complained.,"Confirm that for each system holding personal data you can locate an individual record, describe the purposes and recipients, suspend processing, and rectify or erase where required.","A rights-readiness assessment per system, with gaps tracked to closure.",YES_PARTIAL_NO,Implemented | Partially implemented | Not implemented | Not applicable | I do not know,true,UNIVERSAL,,CONTROLLER_AND_PROCESSOR,RECOMMENDED_BY_DATAGUARD,Data Subject Rights Procedure | System Rights Readiness Assessment | Rights Request Log,MODERATE,ANNUAL,DATA_SUBJECT_RIGHTS,HIGH,DataGuard default risk classification: High. Inability to serve a right is directly visible to data subjects and is the usual trigger for a section 39 complaint.,Assess each major system against the Part VI rights and remediate the systems that cannot support them.,Assess each system against the Part VI data subject rights,HIGH,ACTIVE,1.0.0,ACT_EXPLICIT,NONE,
PDPA-005-007,Personal Data Protection Act,2022,I,Preliminary Provisions,5,Principles of personal data protection,,(g),Section 5(g),"Personal data shall be processed in a manner that ensures appropriate security of the personal data, including protection against unauthorised or unlawful processing and against any loss, destruction or damage, using appropriate technical or organisational measures.",REQ-005-G,Security principle - technical and organisational measures,A programme of technical and organisational security measures protects personal data across its lifecycle.,Do you have a set of technical and organisational security measures that protect personal data throughout its life?,"This principle sits alongside the detailed duties in section 27, and it binds data processors directly as well as data controllers.",Maintain a documented security programme and map each measure to the risk it addresses. The section 27 controls decompose this obligation further.,An approved information security policy with an inventory of implemented technical and organisational measures.,YES_PARTIAL_NO,Implemented | Partially implemented | Not implemented | Not applicable | I do not know,true,UNIVERSAL,,CONTROLLER_AND_PROCESSOR,RECOMMENDED_BY_DATAGUARD,Security Policy | Information Security Programme | Risk Assessment | Access Control Procedure,MODERATE,ANNUAL,SECURITY,CRITICAL,"DataGuard default risk classification: Critical. Security failures are the highest-impact and least reversible category of non-compliance, and section 5(g) binds processors directly, not only controllers.",Stand up a documented security programme and align it to the specific section 27 duties.,Establish and document an information security programme for personal data,CRITICAL,ACTIVE,1.0.0,ACT_EXPLICIT,NONE,Section 5 binds both the data controller and the data processor. Section 27(1) by its terms addresses the data controller and his representatives.
PDPA-005-008,Personal Data Protection Act,2022,I,Preliminary Provisions,5,Principles of personal data protection,,(h),Section 5(h),Personal data shall not be transferred abroad contrary to the provisions of this Act.,REQ-005-H,No transfer abroad contrary to the Act,Transfers of personal data outside Tanzania are only made on a basis permitted by Part V of the Act.,Do you make sure that personal data only leaves Tanzania on a basis the Act allows?,"Cloud services, group companies and overseas suppliers move data across borders routinely, often without anyone noticing.","Read with sections 31 and 32. Identify every route by which data leaves the country, including remote support access and offshore backups, then confirm the basis for each.",A transfer inventory covering all cross-border flows with a recorded Part V basis for each.,YES_PARTIAL_NO,Implemented | Partially implemented | Not implemented | Not applicable | I do not know,true,CONDITIONAL,"Does any personal data you hold leave Tanzania - including cloud hosting, offshore backups, group systems or remote support access?",CONTROLLER_AND_PROCESSOR,RECOMMENDED_BY_DATAGUARD,Transfer Inventory | Transfer Assessment | Cloud Hosting Register,MODERATE,ANNUAL,CROSS_BORDER_TRANSFER,HIGH,DataGuard default risk classification: High. Unrecognised transfers are common and each one is a standing breach until a Part V basis is established.,"Build the transfer inventory first, then assess each flow under section 31 or 32.",Build an inventory of all cross-border personal data transfers,HIGH,ACTIVE,1.0.0,ACT_EXPLICIT,NONE,
PDPA-014-001,Personal Data Protection Act,2022,III,Registration of Data Controllers and Data Processors,14,Registration of data controllers and data processors,14(1),,Section 14(1),A person shall not collect or process personal data without being registered as a data controller or a data processor under this Act.,REQ-014-1,Registration held before any collection or processing,The organisation holds a current registration as a data controller or data processor covering all of its collection and processing of personal data.,Is your organisation registered with the Personal Data Protection Commission as a data controller or data processor?,Registration is a precondition to collecting or processing personal data at all. Processing without it is a standing breach regardless of how well everything else is run.,"Confirm which capacity applies - controller, processor, or both for different activities - and that the registration on file covers all of them. Keep the certificate accessible.","A valid certificate of registration is held, covers every capacity in which the organisation acts, and has not expired.",YES_NO,Yes | No | Not applicable | I do not know,true,UNIVERSAL,,CONTROLLER_AND_PROCESSOR,REQUIRED_BY_ACT,Certificate of Registration | Registration Application | Commission Correspondence,STRONG,ANNUAL,REGISTRATION,CRITICAL,"DataGuard default risk classification: Critical. Section 14(1) is an absolute prohibition on processing without registration, and section 19 makes contravention of this Part an offence.",Stop or pause new collection where feasible and apply to the Commission for registration immediately. Take legal advice on processing already under way.,Obtain registration with the Personal Data Protection Commission,CRITICAL,ACTIVE,1.0.0,ACT_EXPLICIT,NONE,"Section 19 provides that contravention of this Part is an offence punishable under section 63 (fine of not less than TZS 100,000 and not exceeding TZS 5,000,000, or imprisonment not exceeding five years, or both). Section 21 deems public institutions registered."
PDPA-014-002,Personal Data Protection Act,2022,III,Registration of Data Controllers and Data Processors,14,Registration of data controllers and data processors,14(2),,Section 14(2),A person who intends to collect or process personal data shall apply to the Commission for registration.,REQ-014-2,Registration application submitted before intended processing,"Before starting any new collection or processing that falls outside an existing registration, an application is made to the Commission.","When you plan a new activity involving personal data that your registration does not already cover, do you apply to the Commission first?","The duty attaches to the intention to collect or process, so the application belongs at the planning stage rather than after go-live.","Add a registration check to the intake process for new products, systems and vendors. The Commission decides within a period specified in the regulations under section 14(3).",A documented gate in the change or project process that checks registration coverage before processing begins.,YES_PARTIAL_NO,Implemented | Partially implemented | Not implemented | Not applicable | I do not know,true,UNIVERSAL,,CONTROLLER_AND_PROCESSOR,RECOMMENDED_BY_DATAGUARD,Registration Application | Project Intake Checklist | Change Approval Record,MODERATE,ANNUAL,REGISTRATION,HIGH,DataGuard default risk classification: High. New processing launched outside the scope of an existing registration reintroduces the section 14(1) breach.,Insert a registration coverage check into the project and vendor onboarding gates.,Add a PDPA registration coverage check to the new-processing intake gate,HIGH,ACTIVE,1.0.0,ACT_EXPLICIT,REGULATORY_DETAIL_PENDING,Section 14(3) leaves the decision period to the regulations. Section 14(5) requires the Commission to give written reasons for a rejection.
PDPA-014-003,Personal Data Protection Act,2022,III,Registration of Data Controllers and Data Processors,14,Registration of data controllers and data processors,14(4),,Section 14(4),The Commission shall issue a certificate of registration to the data controller or data processor who has fulfilled the prescribed requirements and registered under this section.,REQ-014-4,Certificate of registration retained and retrievable,"The certificate of registration issued by the Commission is retained, its expiry date is recorded, and it can be produced on request.","Do you hold your certificate of registration, and can you produce it and state its expiry date?","The certificate is the document that proves registration to the Commission, to customers and to counterparties.","Store the certificate in the evidence repository, record the issue and expiry dates, and set a renewal reminder.",Certificate on file with issue and expiry dates recorded and a renewal reminder set.,DOCUMENT_REQUIRED,,true,UNIVERSAL,,CONTROLLER_AND_PROCESSOR,REQUIRED_BY_ACT,Certificate of Registration,STRONG,ANNUAL,REGISTRATION,MEDIUM,DataGuard default risk classification: Medium. The certificate itself is issued by the Commission; the risk here is loss of proof and missed renewal rather than unlawful processing.,"Request a copy from the Commission if mislaid, then file it and diarise the expiry.",File the certificate of registration and record its expiry date,MEDIUM,ACTIVE,1.0.0,ACT_EXPLICIT,NONE,
PDPA-015-001,Personal Data Protection Act,2022,III,Registration of Data Controllers and Data Processors,15,Register of data controllers and data processors,15(3),,Section 15(3),"A data controller or data processor may, at any time, apply to the Commission to update or change any particulars in the register.",REQ-015-3,Registered particulars kept current,"When registered particulars change - contact details, the nature of processing, the responsible officer - an application to update the register is made.","When the details you gave the Commission at registration change, do you apply to have the register updated?","The register is how the Commission reaches you, including with an investigation or enforcement notice. Stale details can turn a small issue into a missed deadline.",Assign an owner for registration data and review the registered particulars at least annually and on any material change of business.,"An owner is named, and there is a record of the last review of registered particulars.",YES_PARTIAL_NO,Implemented | Partially implemented | Not implemented | Not applicable | I do not know,true,UNIVERSAL,,CONTROLLER_AND_PROCESSOR,RECOMMENDED_BY_DATAGUARD,Register Update Application | Registration Review Record | Commission Correspondence,MODERATE,ANNUAL,REGISTRATION,MEDIUM,DataGuard default risk classification: Medium. Out-of-date particulars impede regulatory contact and undermine the credibility of the registration.,Name an owner and run an annual review of registered particulars.,Assign ownership and review registered particulars annually,MEDIUM,ACTIVE,1.0.0,ACT_DERIVED,REGULATORY_DETAIL_PENDING,"ACT_DERIVED. Section 15(3) is permissive - the Act says the controller or processor may apply to update. DataGuard derives the duty to keep particulars current from section 15(3) read with section 19, which makes furnishing false or misleading information during registration or renewal an offence. It adds no new legal obligation. Section 15(2) leaves the required particulars to the regulations."
PDPA-015-002,Personal Data Protection Act,2022,III,Registration of Data Controllers and Data Processors,15,Register of data controllers and data processors,15(2),,Sections 15(2) and 17,"The register shall contain such particulars as may be prescribed in the regulations. Subject to prescribed procedures and payment of prescribed fees, the Commission may permit any person to inspect and extract any entry in the register.",REQ-015-3,Awareness that registered particulars are publicly inspectable,"The organisation understands that entries in the register may be inspected and extracted by any person the Commission permits, and reviews its entries accordingly.","Are you aware that the details recorded about you in the Commission register can be inspected by others, and have you reviewed those details with that in mind?","Anything in the register may end up in front of a competitor, a journalist or a customer. It is worth knowing what is there.","Review the registered particulars for accuracy and for anything you would not want disclosed, and raise any concern with the Commission rather than omitting required information.",Registered particulars have been reviewed on the assumption that they are inspectable.,YES_NO,Yes | No | Not applicable | I do not know,false,UNIVERSAL,,CONTROLLER_AND_PROCESSOR,RECOMMENDED_BY_DATAGUARD,Registration Review Record,WEAK,ANNUAL,REGISTRATION,LOW,"DataGuard default risk classification: Low. Section 17 is a power of the Commission, not an obligation on the organisation. This control exists to prompt awareness, not to test compliance.",Review your register entry once and record that you have done so.,Review the register entry on the basis that it is publicly inspectable,LOW,ACTIVE,1.0.0,INTERPRETATION,REGULATORY_DETAIL_PENDING,"INTERPRETATION. Section 17 addresses the Commission, not the data controller. The particulars in the register are to be prescribed by regulations that are not reproduced in the Act."
PDPA-016-001,Personal Data Protection Act,2022,III,Registration of Data Controllers and Data Processors,16,Duration of registration,16(1),,Section 16(1),The period of registration shall be five years from the date of issuance of certificate of registration.,REQ-016-1,Registration expiry tracked,The five year expiry date of the registration is recorded and monitored so that the organisation never processes on a lapsed registration.,"Do you know the date your registration expires, and is that date being tracked?","Registration runs for five years. If it lapses, you are back in breach of the prohibition in section 14(1) without anything else having changed.","Record the certificate issue date, calculate the five year expiry, and set reminders at twelve, six and four months before expiry.",Expiry date recorded with automated reminders configured.,DATE,,true,UNIVERSAL,,CONTROLLER_AND_PROCESSOR,RECOMMENDED_BY_DATAGUARD,Certificate of Registration | Compliance Calendar,STRONG,ANNUAL,REGISTRATION,HIGH,"DataGuard default risk classification: High. A lapsed registration reinstates the section 14(1) prohibition, and lapse through inattention is a common and entirely avoidable failure.",Record the expiry date in the compliance calendar and configure reminders.,Record the registration expiry date and configure renewal reminders,HIGH,ACTIVE,1.0.0,ACT_EXPLICIT,NONE,
PDPA-016-002,Personal Data Protection Act,2022,III,Registration of Data Controllers and Data Processors,16,Duration of registration,16(2),,Section 16(2),The application for renewal shall be submitted within the period of three months before expiry in the manner prescribed in the regulations.,REQ-016-2,Renewal submitted within the three month window,"The renewal application is submitted within the three month period before the registration expires, in the manner prescribed by the regulations.",Do you submit your renewal application during the three months before your registration expires?,The Act sets a specific window. Applying too late risks a gap in registration; the manner of applying is set by regulations.,"Diarise the start of the three month window, not just the expiry date. Confirm the prescribed manner of renewal against the current regulations before submitting.",Renewal is submitted inside the statutory window with proof of submission retained.,YES_NO,Yes | No | Not applicable | I do not know,true,UNIVERSAL,,CONTROLLER_AND_PROCESSOR,REQUIRED_BY_ACT,Renewal Application | Proof of Submission | Compliance Calendar,STRONG,ANNUAL,REGISTRATION,HIGH,DataGuard default risk classification: High. Missing the renewal window can lead to expiry of the registration and a resulting prohibition on processing.,Add the renewal window opening date to the compliance calendar with an owner.,Diarise the opening of the three month registration renewal window,HIGH,ACTIVE,1.0.0,ACT_EXPLICIT,REGULATORY_DETAIL_PENDING,The manner of renewal is left to the regulations and is not specified in the Act.
PDPA-018-001,Personal Data Protection Act,2022,III,Registration of Data Controllers and Data Processors,18,Deregistration,,,Section 18,The Commission may deregister any registration under this Act as may be prescribed in the regulations.,REQ-018-1,Response to deregistration by the Commission,"The organisation has a defined internal response if the Commission deregisters it, recognising that the section 14(1) prohibition then applies again.",Do you have a plan for what happens to your processing if the Commission deregisters you?,"Deregistration removes the basis on which you may collect or process personal data at all. It needs an escalation path decided in advance, not invented on the day.","Name an executive owner, define the escalation path, and identify which processing would have to stop. The grounds and procedure for deregistration are left to the regulations.",A documented escalation procedure naming an owner and the processing that would be suspended.,YES_PARTIAL_NO,Implemented | Partially implemented | Not implemented | Not applicable | I do not know,false,UNIVERSAL,,CONTROLLER_AND_PROCESSOR,RECOMMENDED_BY_DATAGUARD,Incident and Escalation Procedure | Business Continuity Plan,MODERATE,ANNUAL,REGISTRATION,MEDIUM,"DataGuard default risk classification: Medium. Deregistration is a low-likelihood but very high-impact event, and the Act gives no notice period on the face of section 18.",Add deregistration to the escalation procedure with a named executive owner.,Define an internal response procedure for deregistration by the Commission,LOW,ACTIVE,1.0.0,INTERPRETATION,REGULATORY_DETAIL_PENDING,INTERPRETATION. Section 18 confers a power on the Commission and imposes no obligation on the organisation. The consequence for the organisation is derived from section 14(1). Grounds and procedure are left to the regulations.
PDPA-019-001,Personal Data Protection Act,2022,III,Registration of Data Controllers and Data Processors,19,Offences relating to registration,,,Section 19,"Any person who contravenes the provisions of this Part or furnishes false or misleading information during registration or renewal, commits an offence and upon conviction shall be liable for a penalty specified under section 63.",REQ-019-1,Accuracy of information given at registration and renewal,"Information submitted to the Commission at registration and renewal is verified for accuracy and completeness before submission, and a copy is retained.","Is the information you give the Commission at registration and renewal checked for accuracy before you send it, and do you keep a copy?","Furnishing false or misleading information at registration or renewal is a criminal offence under the Act, not merely an administrative slip.","Require a named reviewer to verify the submission against source records before it is sent, and retain the submitted version alongside the supporting records.",A retained copy of each submission with evidence of pre-submission review by a named person.,YES_NO,Yes | No | Not applicable | I do not know,true,UNIVERSAL,,CONTROLLER_AND_PROCESSOR,RECOMMENDED_BY_DATAGUARD,Registration Application | Renewal Application | Pre-submission Review Record,STRONG,ANNUAL,REGISTRATION,HIGH,DataGuard default risk classification: High. This provision carries criminal liability under section 63 and is entirely within the organisation control to avoid.,Introduce a documented review and sign-off step before any submission to the Commission.,Introduce pre-submission review and retention for Commission filings,HIGH,ACTIVE,1.0.0,ACT_EXPLICIT,NONE,"Section 63 provides a fine of not less than TZS 100,000 and not exceeding TZS 5,000,000, or imprisonment for a term not exceeding five years, or both. This penalty applies to section 19 because section 19 expressly refers to it."
PDPA-020-001,Personal Data Protection Act,2022,III,Registration of Data Controllers and Data Processors,20,Appeal relating to registration,,,Section 20,Any person who is aggrieved by the decision of the Commission under this Part may appeal in writing to the Minister.,REQ-020-1,Awareness of the registration appeal route,"The organisation knows that a decision of the Commission under Part III may be appealed in writing to the Minister, and who internally would handle such an appeal.","If the Commission refused or cancelled your registration, do you know that you can appeal in writing to the Minister and who would handle it?",Appeal rights are only useful if somebody knows they exist at the moment the decision lands.,Record the appeal route in the compliance procedure with a named owner. The Act does not state a time limit for this appeal on the face of section 20 - confirm any deadline in the regulations or with counsel.,The appeal route and internal owner are documented in the compliance procedure.,YES_NO,Yes | No | Not applicable | I do not know,false,UNIVERSAL,,CONTROLLER_AND_PROCESSOR,RECOMMENDED_BY_DATAGUARD,Compliance Procedure | Regulatory Escalation Matrix,WEAK,ANNUAL,ENFORCEMENT,LOW,DataGuard default risk classification: Low. This is a right rather than a duty. It is recorded so the organisation does not lose it through unawareness.,Add the section 20 appeal route and its owner to the compliance procedure.,Document the section 20 appeal route to the Minister,LOW,ACTIVE,1.0.0,ACT_EXPLICIT,NONE,OPEN_QUESTION: section 20 does not state a period within which the appeal to the Minister must be lodged. Any internal deadline is INTERPRETATION until confirmed by regulations or advice.
PDPA-021-001,Personal Data Protection Act,2022,III,Registration of Data Controllers and Data Processors,21,Registration of public institutions,,,Section 21,"Immediately after commencement of this Act, public institutions which collect and process personal data shall be deemed as registered with the Commission under this Act and shall be required to comply with the provisions of this Act.",REQ-021-1,Public institution deemed registration and full compliance,A public institution that collects and processes personal data recognises that it is deemed registered and that it remains bound by every other provision of the Act.,"If you are a public institution, do you understand that you are treated as already registered but still have to comply with everything else in the Act?","Deemed registration removes the application step. It does not reduce any other obligation, and the assumption that it does is a common misreading.","Record the basis of deemed registration in the compliance file and confirm with the Commission what particulars, if any, it expects the institution to supply.",The deemed registration basis is documented and the institution is assessed against the full control matrix.,YES_NO,Yes | No | Not applicable | I do not know,true,ROLE_SPECIFIC,Is your organisation a public institution?,PUBLIC_INSTITUTION,RECOMMENDED_BY_DATAGUARD,Compliance File Note | Commission Correspondence | Establishing Instrument,MODERATE,ANNUAL,REGISTRATION,MEDIUM,"DataGuard default risk classification: Medium. The registration risk is removed by statute, but the misconception that deemed registration implies broader exemption is a real and material risk.",Document the deemed registration basis and run the full assessment regardless.,Document deemed registration status and complete the full PDPA assessment,MEDIUM,ACTIVE,1.0.0,ACT_EXPLICIT,NONE,"OPEN_QUESTION: the Act does not define public institution for this purpose, nor state what particulars a deemed-registered institution must supply for the register under section 15."
PDPA-022-001,Personal Data Protection Act,2022,IV,"Collection, Use, Disclosure and Retention of Personal Data",22,Collection of personal data,22(1),,Section 22(1)(a)-(c),Part IV applies to any collection and processing performed wholly or partly by manual or automated means; to processing carried out in the performance of activities of a controller domiciled in the United Republic or in a territory where the laws of the United Republic apply by virtue of international public law; and to processing by a controller or processor not domiciled in the United Republic where the processing takes place in the United Republic and is not for mere transit through Tanzania.,REQ-022-1,Part IV scope assessment including manual records and non-domiciled processing,"The organisation has assessed which of its processing falls within section 22(1), expressly including paper and other manual records, and processing carried out in Tanzania by entities domiciled elsewhere.","Have you identified all processing that falls under Part IV, including paper records and any processing you carry out in Tanzania from a business based abroad?","Paper files and offshore group entities are the two things most often left out of a data inventory, and section 22(1) puts both squarely in scope.","Extend the processing inventory to manual filing systems. For non-domiciled entities, determine where the processing physically takes place, and note that mere transit of data through Tanzania is excluded.",A processing inventory that covers automated and manual processing and records the domicile and processing location for each activity.,YES_PARTIAL_NO,Implemented | Partially implemented | Not implemented | Not applicable | I do not know,true,UNIVERSAL,,CONTROLLER_AND_PROCESSOR,RECOMMENDED_BY_DATAGUARD,Data Processing Register | Scoping Statement | Records Inventory,MODERATE,ANNUAL,GOVERNANCE,HIGH,DataGuard default risk classification: High. Processing left outside the scope assessment is processing that nobody is controlling.,Extend the inventory to manual records and confirm the processing location for each non-domiciled entity.,Extend the processing inventory to manual records and non-domiciled processing,HIGH,ACTIVE,1.0.0,ACT_EXPLICIT,NONE,Section 22(1)(c) expressly excludes processing for the purposes of mere transit of personal data through Tanzania to another country.
PDPA-022-002,Personal Data Protection Act,2022,IV,"Collection, Use, Disclosure and Retention of Personal Data",22,Collection of personal data,22(2),(a),Section 22(2)(a),A data controller shall collect personal data if the personal data is collected for a lawful purpose related to a function of the data controller.,REQ-022-2,Collection tied to a lawful purpose related to a function of the controller,Every collection of personal data is tied to a lawful purpose that relates to an actual function of the organisation.,Is every collection of personal data linked to a lawful purpose that relates to something your organisation actually does?,The Act does not allow collection just because the data might be useful one day. The purpose must connect to a function you actually perform.,"For each collection point in the register, record the organisational function it serves alongside the purpose. Challenge any entry where the function cannot be named.",Each collection activity in the register names both a lawful purpose and the organisational function it supports.,YES_PARTIAL_NO,Implemented | Partially implemented | Not implemented | Not applicable | I do not know,true,UNIVERSAL,,CONTROLLER,RECOMMENDED_BY_DATAGUARD,Data Processing Register | Purpose and Function Mapping | Privacy Notice,MODERATE,ANNUAL,LAWFULNESS,HIGH,DataGuard default risk classification: High. Collection with no lawful purpose related to a function of the controller is unlawful at the point of collection and cannot be cured later.,Add a function column to the processing register and complete it for every collection.,Map every collection activity to a lawful purpose and an organisational function,HIGH,ACTIVE,1.0.0,ACT_EXPLICIT,NONE,
PDPA-022-003,Personal Data Protection Act,2022,IV,"Collection, Use, Disclosure and Retention of Personal Data",22,Collection of personal data,22(2),(b),Section 22(2)(b),A data controller shall collect personal data if the collection of the data is necessary or incidental or directly related to the lawful purpose.,REQ-022-2,Necessity test applied at the point of collection,"Each data element collected is tested as necessary, incidental to, or directly related to the lawful purpose before collection begins.","Have you checked that each piece of information you collect is necessary for, incidental to, or directly related to the purpose?","This is the statutory version of only collect what you need, and it applies element by element rather than form by form.","Run a field-level necessity test when a form or integration is designed or changed, and record the outcome. Note the test is broader than strict necessity - incidental and directly related also qualify.","A recorded necessity assessment per collection point, refreshed when the form or feed changes.",YES_PARTIAL_NO,Implemented | Partially implemented | Not implemented | Not applicable | I do not know,true,UNIVERSAL,,CONTROLLER,RECOMMENDED_BY_DATAGUARD,Necessity Assessment | Data Minimisation Review | Form and Screen Inventory,MODERATE,ANNUAL,DATA_MINIMISATION,MEDIUM,"DataGuard default risk classification: Medium. The section 22(2)(b) test is broader than strict necessity, so failures tend to be at the margin, but they are cumulative.",Add a field-level necessity test to the design review for forms and integrations.,Apply and record a necessity test at each collection point,MEDIUM,ACTIVE,1.0.0,ACT_EXPLICIT,NONE,
PDPA-022-004,Personal Data Protection Act,2022,IV,"Collection, Use, Disclosure and Retention of Personal Data",22,Collection of personal data,22(3),,Section 22(3),A data controller shall not collect personal data by unlawful means.,REQ-022-3,No collection by unlawful means,"Collection methods are lawful - no covert acquisition, scraping in breach of law, deception, or purchase of data obtained unlawfully.","Are you satisfied that none of your methods of obtaining personal data are unlawful, including data bought or scraped from elsewhere?","Data acquired unlawfully stays unlawful no matter how carefully it is handled afterwards, and section 60 makes some acquisition routes a criminal offence.",Screen third party data sources and list acquisition methods. Require the supplier to state how the data was obtained and on what basis it may be passed on.,A documented review of acquisition methods and third party data sources with a lawfulness conclusion for each.,YES_NO,Yes | No | Not applicable | I do not know,true,UNIVERSAL,,CONTROLLER,RECOMMENDED_BY_DATAGUARD,Data Source Register | Supplier Data Provenance Declaration | Data Protection Policy,MODERATE,ANNUAL,LAWFULNESS,CRITICAL,"DataGuard default risk classification: Critical. Unlawful acquisition taints every subsequent use and engages the criminal offences in section 60, particularly obtaining personal data without the authority of the controller by whom it is kept.","Inventory third party data sources, obtain provenance declarations, and stop any acquisition route that cannot be justified.",Review acquisition methods and third party data sources for lawfulness,CRITICAL,ACTIVE,1.0.0,ACT_EXPLICIT,NONE,Section 60(3) makes it an offence to obtain personal data without the prior authority of the data controller or data processor by whom the personal data is kept.
PDPA-023-001,Personal Data Protection Act,2022,IV,"Collection, Use, Disclosure and Retention of Personal Data",23,Source and notification of personal data,23(1),,Section 23(1),"Subject to subsection (3), a data controller shall collect personal data directly from the data subject concerned.",REQ-023-1,Collection directly from the data subject,Personal data is collected directly from the individual concerned unless one of the section 23(3) exceptions applies and has been recorded.,"Do you collect personal data directly from the person it is about, rather than from someone else?","Direct collection is the default under the Act. Indirect collection is allowed only in defined circumstances, and you must be able to point to which one.","Record the source for each collection activity. Where the source is not the data subject, link the entry to the specific section 23(3) exception relied on.","The processing register records the source of each collection, with an exception cited wherever the source is not the data subject.",YES_PARTIAL_NO,Implemented | Partially implemented | Not implemented | Not applicable | I do not know,true,UNIVERSAL,,CONTROLLER,RECOMMENDED_BY_DATAGUARD,Data Processing Register | Data Source Register | Collection Procedure,MODERATE,ANNUAL,COLLECTION,HIGH,DataGuard default risk classification: High. Indirect collection without an applicable exception breaches section 23(1) and usually also undermines the notification duty in section 23(2).,Add a source field to the processing register and reconcile every indirect collection to a section 23(3) exception.,Record the source of collection for every processing activity,HIGH,ACTIVE,1.0.0,ACT_EXPLICIT,NONE,
PDPA-023-002,Personal Data Protection Act,2022,IV,"Collection, Use, Disclosure and Retention of Personal Data",23,Source and notification of personal data,23(2),(a)-(c),Section 23(2)(a)-(c),"Before collecting data, a data controller shall ensure that the data subject is aware of the purposes for which the personal data is collected, the fact that collection is for authorised purposes, and any intended recipients of the personal data.",REQ-023-2,"Pre-collection notice - purposes, authorised purposes and intended recipients","Before any collection, the data subject is made aware of the purposes, the fact that collection is for authorised purposes, and the intended recipients of the data.","Before you collect someone information, do you tell them why you are collecting it and who you intend to share it with?","The Act requires awareness before collection, not afterwards. All three elements must be covered, and intended recipients is the one most often left out.","Audit every collection point - forms, call scripts, apps, contracts - and confirm the notice covers all three elements and is presented before the data is captured. Keep dated versions of each notice.","Every collection point carries a pre-collection notice covering purposes, authorised purposes and intended recipients, with versions retained.",YES_PARTIAL_NO,Implemented | Partially implemented | Not implemented | Not applicable | I do not know,true,UNIVERSAL,,CONTROLLER,REQUIRED_BY_ACT,Privacy Notice | Collection Point Notice Inventory | Call Script | Consent Record,STRONG,ANNUAL,TRANSPARENCY,HIGH,"DataGuard default risk classification: High. This is an express, testable duty that applies at every collection point and is highly visible to data subjects and to the Commission.","Inventory collection points, then update each notice to cover the three statutory elements and place it before the point of capture.",Audit all collection points for a compliant pre-collection notice,HIGH,ACTIVE,1.0.0,ACT_EXPLICIT,NONE,Section 23(2) requires that the data subject is aware. The Act does not prescribe a form or medium for the notice.
PDPA-023-003,Personal Data Protection Act,2022,IV,"Collection, Use, Disclosure and Retention of Personal Data",23,Source and notification of personal data,23(3),(a)-(e),Section 23(3)(a)-(e),A data controller is not obliged to collect directly from the data subject where the personal data is publicly available; the data subject authorises collection from a third party; compliance is not reasonably practicable in the circumstances; non-compliance is necessary for compliance with other written laws; or compliance would prejudice the lawful purpose of the collection.,REQ-023-3,Documented reliance on exceptions to direct collection,"Where data is collected indirectly, the specific section 23(3) exception relied on is identified and recorded before collection.","Where you collect personal data from someone other than the person it is about, have you recorded which legal exception allows that?",The exceptions are narrow and specific. Recording which one applies at the time is far easier than reconstructing it during an investigation.,Give each indirect collection an exception code (a to e) with a short justification and the date the assessment was made. Reassess when the collection changes.,"Every indirect collection has a recorded exception, justification and assessment date.",YES_PARTIAL_NO,Implemented | Partially implemented | Not implemented | Not applicable | I do not know,true,CONDITIONAL,Do you collect any personal data from a source other than the person it is about?,CONTROLLER,RECOMMENDED_BY_DATAGUARD,Exception Register | Data Source Register | Legal Assessment Note,MODERATE,ANNUAL,COLLECTION,MEDIUM,"DataGuard default risk classification: Medium. The exceptions are lawful routes, so the risk lies in relying on one without analysis rather than in indirect collection itself.","Create an exception register and complete it for each indirect collection, taking advice on borderline cases.",Record the section 23(3) exception relied on for each indirect collection,MEDIUM,ACTIVE,1.0.0,ACT_EXPLICIT,NONE,INTERPRETATION: not reasonably practicable and would prejudice the lawful purpose are open-textured tests. The Act gives no further criteria.
PDPA-024-001,Personal Data Protection Act,2022,IV,"Collection, Use, Disclosure and Retention of Personal Data",24,Accuracy of personal data,,,Section 24,"Subject to the purpose for which the personal data are intended to be used, a data controller who holds personal data shall not use that personal data without taking such steps as are, in the circumstances, reasonable to ensure that the data is complete, accurate, relevant and not misleading.",REQ-024-1,Reasonable steps to verify data before use,"Before personal data is used, reasonable steps are taken to confirm it is complete, accurate, relevant and not misleading, judged against the intended use.","Before you use personal information to make a decision or take an action, do you take reasonable steps to check it is complete, accurate, relevant and not misleading?","Section 24 is a check at the point of use, not just a general data quality aspiration. What counts as reasonable scales with how much the decision matters to the person.","Define verification steps proportionate to the consequence of the use - light touch for a mailing list, substantive for a credit or employment decision. Record what the steps are for each high-impact use.","Documented verification steps for each high-impact use of personal data, with evidence they are applied.",YES_PARTIAL_NO,Implemented | Partially implemented | Not implemented | Not applicable | I do not know,true,UNIVERSAL,,CONTROLLER,RECOMMENDED_BY_DATAGUARD,Data Quality Procedure | Verification Control Design | System Validation Rules | Audit Report,MODERATE,ANNUAL,DATA_QUALITY,HIGH,DataGuard default risk classification: High. Use of inaccurate data is the most direct route to demonstrable damage under section 37 and to a Commission order under section 38.,"Identify the uses where inaccuracy would harm someone, and design proportionate verification into those processes first.",Define and implement pre-use verification for high-impact uses of personal data,HIGH,ACTIVE,1.0.0,ACT_EXPLICIT,NONE,INTERPRETATION: the Act uses the standard of steps that are reasonable in the circumstances and does not prescribe specific verification methods.
PDPA-025-001,Personal Data Protection Act,2022,IV,"Collection, Use, Disclosure and Retention of Personal Data",25,Personal data to be used for intended purpose,25(1),,Section 25(1),Personal data collected under this Act shall be used for the intended purposes.,REQ-025-1,Use confined to the intended purpose,"Personal data is used only for the purpose for which it was collected, unless a section 25(2) ground applies.",Do you use personal data only for the purpose you originally collected it for?,"Reusing data for a new purpose is one of the easiest things to do accidentally, particularly when analytics or marketing teams gain access to operational systems.",Restrict system access by purpose where the platform allows. Require a documented secondary-use approval before data collected for one purpose is used for another.,Purpose is recorded per dataset and a secondary-use approval process exists and is used.,YES_PARTIAL_NO,Implemented | Partially implemented | Not implemented | Not applicable | I do not know,true,UNIVERSAL,,CONTROLLER,RECOMMENDED_BY_DATAGUARD,Data Processing Register | Secondary Use Approval Record | Access Control Procedure,MODERATE,ANNUAL,PURPOSE_LIMITATION,HIGH,"DataGuard default risk classification: High. Section 26 makes the section 25 grounds the gateway for disclosure as well as use, so a failure here propagates.",Introduce a secondary-use approval step and record the purpose against each dataset.,Implement a secondary-use approval process for personal data,HIGH,ACTIVE,1.0.0,ACT_EXPLICIT,NONE,
PDPA-025-002,Personal Data Protection Act,2022,IV,"Collection, Use, Disclosure and Retention of Personal Data",25,Personal data to be used for intended purpose,25(2),(a)-(f),Section 25(2)(a)-(f),"Personal data held for a particular purpose may be used for another purpose only where the data subject authorises that other use; the other use is authorised or required by law; the other purpose is directly related to the purpose of collection; the data is used in a non-identifying form or for statistical or research purposes not published in identifying form; the controller believes on reasonable grounds that the use is necessary to prevent or lessen a serious and imminent threat to life, health or public health or safety; or the use is necessary for compliance with the laws.",REQ-025-2,Secondary use limited to a recorded section 25(2) ground,Any use of personal data for a purpose other than that of collection is mapped to one of the six grounds in section 25(2) and recorded before the use begins.,"When you use personal data for a new purpose, do you record which of the permitted legal grounds allows it?","These six grounds are exhaustive. If a proposed new use does not fit one of them, it is not permitted, however commercially sensible it seems.","Build a secondary-use assessment template listing grounds (a) to (f). Require the requester to select a ground and give a justification, and require sign-off by the data protection officer.","A secondary use register recording the ground, justification, approver and date for each approved secondary use.",YES_PARTIAL_NO,Implemented | Partially implemented | Not implemented | Not applicable | I do not know,true,CONDITIONAL,Do you use any personal data for a purpose other than the one it was originally collected for?,CONTROLLER,RECOMMENDED_BY_DATAGUARD,Secondary Use Register | Purpose Compatibility Assessment | DPO Approval Record | Consent Record,STRONG,ANNUAL,PURPOSE_LIMITATION,HIGH,"DataGuard default risk classification: High. The grounds are exhaustive, and an unrecorded secondary use is indefensible during a section 39 investigation.","Create the secondary use register, populate it for existing secondary uses, and stop any use that fits no ground.",Create a secondary use register mapped to the section 25(2) grounds,HIGH,ACTIVE,1.0.0,ACT_EXPLICIT,NONE,Section 25(2)(d)(ii) permits statistical or research use provided the results are not published in a form that could reasonably be expected to identify the data subject.
PDPA-026-001,Personal Data Protection Act,2022,IV,"Collection, Use, Disclosure and Retention of Personal Data",26,Limitations on disclosure of personal data,,,Section 26,"Where a data controller holds personal data, he shall not disclose the personal data to a person other than the data subject except in the circumstances specified under section 25.",REQ-026-1,Disclosure restricted to the section 25 circumstances,"Personal data is disclosed to third parties only where one of the circumstances in section 25 applies, and each disclosure route is recorded.","Do you share personal data with anyone other than the person it is about only where the law allows, and do you keep a record of who you share it with?","Disclosure is the point at which you lose control of the data. Section 26 ties every disclosure back to the section 25 grounds, and unlawful disclosure is a criminal offence under section 60.","Maintain a disclosure register listing each recipient, the data disclosed, the section 25 ground and the safeguards in place. Include routine feeds, regulatory reporting and group sharing.",A complete disclosure register with a recorded section 25 ground for every recipient.,YES_PARTIAL_NO,Implemented | Partially implemented | Not implemented | Not applicable | I do not know,true,UNIVERSAL,,CONTROLLER,REQUIRED_BY_ACT,Disclosure Register | Data Sharing Agreement | Processor Agreement | Secondary Use Register,STRONG,ANNUAL,DISCLOSURE,CRITICAL,"DataGuard default risk classification: Critical. Section 60(1) makes disclosure incompatible with the purpose of collection a criminal offence carrying a fine of up to TZS 5,000,000,000 for a company or corporation.","Build the disclosure register, assess each existing route against section 25, and terminate or re-paper any route without a ground.",Build a disclosure register mapping every recipient to a section 25 ground,CRITICAL,ACTIVE,1.0.0,ACT_EXPLICIT,NONE,"Section 60(6) sets the penalty for unlawful disclosure offences: for an individual, a fine of not less than TZS 100,000 and not exceeding TZS 20,000,000 or imprisonment not exceeding ten years or both; for a company or corporation, a fine of not less than TZS 1,000,000 and not exceeding TZS 5,000,000,000."
PDPA-027-001,Personal Data Protection Act,2022,IV,"Collection, Use, Disclosure and Retention of Personal Data",27,Security of personal data,27(1),,Section 27(1),A data controller and his representatives shall ensure that personal data is protected by such security safeguards as are reasonable in the circumstances necessary for the protection of personal data.,REQ-027-1,Reasonable security safeguards programme,"A documented set of security safeguards protects personal data, and their reasonableness in the circumstances has been assessed and recorded.","Do you have reasonable safeguards in place that protect personal data, and have you written down why they are the right ones for your circumstances?","This is the umbrella security duty in the Act. The standard is what is reasonable in your circumstances, so the reasoning behind your choices matters as much as the controls themselves.","Maintain an approved security policy and a register of implemented safeguards. Record the assessment of reasonableness against the four factors in section 27(2), which are assessed separately by controls PDPA-027-007 to PDPA-027-010.","An approved security policy, a safeguards register, and a documented reasonableness assessment reviewed at least annually.",YES_PARTIAL_NO,Implemented | Partially implemented | Not implemented | Not applicable | I do not know,true,UNIVERSAL,,CONTROLLER_AND_PROCESSOR,REQUIRED_BY_ACT,Security Policy | Safeguards Register | Risk Assessment | Audit Report,STRONG,ANNUAL,SECURITY,CRITICAL,DataGuard default risk classification: Critical. Section 27(1) is the central security obligation of the Act and underpins the section 5(g) principle and the section 27(5) breach duty.,"Approve a security policy, inventory current safeguards, and document the reasonableness assessment against the section 27(2) factors.",Establish and document reasonable security safeguards for personal data,CRITICAL,ACTIVE,1.0.0,ACT_EXPLICIT,NONE,"Section 27(1) by its terms binds the data controller and his representatives. Section 5(g) applies the security principle to data processors as well, and section 27(4) makes the processor responsible for compliance with security standards."
PDPA-027-002,Personal Data Protection Act,2022,IV,"Collection, Use, Disclosure and Retention of Personal Data",27,Security of personal data,27(1),,Section 27(1),A data controller and his representatives shall ensure that personal data is protected by such security safeguards as are reasonable in the circumstances necessary for the protection of personal data against negligent loss.,REQ-027-1,Protection against negligent loss,"Specific technical and organisational safeguards address the risk of negligent loss of personal data, and their operation is evidenced.","Are you protected against personal data being lost through carelessness - for example lost laptops, lost files, or failed backups?",Section 27(1) names negligent loss as a distinct harm to protect against. Treating it separately makes it clear whether you actually have a control for it rather than a general assurance that security is handled.,"Cover device encryption and asset tracking, backup and restore testing, physical file custody, and secure transfer of media. Test restores rather than assuming backups work.","Named safeguards addressing negligent loss are implemented, owned, and evidenced by operating records rather than by policy text alone.",YES_PARTIAL_NO,Implemented | Partially implemented | Not implemented | Not applicable | I do not know,true,UNIVERSAL,,CONTROLLER_AND_PROCESSOR,RECOMMENDED_BY_DATAGUARD,Backup and Restore Test Records | Asset Register | Device Encryption Report | Security Policy,STRONG,QUARTERLY,SECURITY,CRITICAL,DataGuard default risk classification: Critical. Negligent loss is expressly named in section 27(1) and is the most frequent cause of reportable incidents.,"Identify the systems holding personal data, select proportionate safeguards against negligent loss, assign an owner, and produce operating evidence.",Implement and evidence controls against negligent loss of personal data,CRITICAL,ACTIVE,1.0.0,ACT_EXPLICIT,NONE,"Section 27(1) lists negligent loss and unauthorised destruction, alteration, access and processing as separate harms. DataGuard maps each to its own control so that partial coverage is visible."
PDPA-027-003,Personal Data Protection Act,2022,IV,"Collection, Use, Disclosure and Retention of Personal Data",27,Security of personal data,27(1),,Section 27(1),A data controller and his representatives shall ensure that personal data is protected by such security safeguards as are reasonable in the circumstances necessary for the protection of personal data against unauthorised destruction.,REQ-027-1,Protection against unauthorised destruction,"Specific technical and organisational safeguards address the risk of unauthorised destruction of personal data, and their operation is evidenced.",Are you protected against personal data being destroyed or deleted by someone who should not be doing that?,Section 27(1) names unauthorised destruction as a distinct harm to protect against. Treating it separately makes it clear whether you actually have a control for it rather than a general assurance that security is handled.,"Restrict delete and purge rights, log deletions, keep immutable or offline backup copies, and require dual authorisation for bulk deletion.","Named safeguards addressing unauthorised destruction are implemented, owned, and evidenced by operating records rather than by policy text alone.",YES_PARTIAL_NO,Implemented | Partially implemented | Not implemented | Not applicable | I do not know,true,UNIVERSAL,,CONTROLLER_AND_PROCESSOR,RECOMMENDED_BY_DATAGUARD,Access Control Procedure | Deletion Authorisation Records | Backup Policy | Audit Log Configuration,STRONG,QUARTERLY,SECURITY,CRITICAL,DataGuard default risk classification: Critical. Unauthorised destruction is expressly named in section 27(1) and is separately criminalised by section 61.,"Identify the systems holding personal data, select proportionate safeguards against unauthorised destruction, assign an owner, and produce operating evidence.",Restrict and log deletion rights over personal data,CRITICAL,ACTIVE,1.0.0,ACT_EXPLICIT,NONE,"Section 27(1) lists negligent loss and unauthorised destruction, alteration, access and processing as separate harms. DataGuard maps each to its own control so that partial coverage is visible."
PDPA-027-004,Personal Data Protection Act,2022,IV,"Collection, Use, Disclosure and Retention of Personal Data",27,Security of personal data,27(1),,Section 27(1),A data controller and his representatives shall ensure that personal data is protected by such security safeguards as are reasonable in the circumstances necessary for the protection of personal data against unauthorised alteration.,REQ-027-1,Protection against unauthorised alteration,"Specific technical and organisational safeguards address the risk of unauthorised alteration of personal data, and their operation is evidenced.",Are you protected against personal data being changed by someone who is not authorised to change it?,Section 27(1) names unauthorised alteration as a distinct harm to protect against. Treating it separately makes it clear whether you actually have a control for it rather than a general assurance that security is handled.,"Enforce write permissions by role, keep tamper-evident change logs, and reconcile critical fields periodically. This control also supports the section 29(2) duty to preserve pre-amendment records.","Named safeguards addressing unauthorised alteration are implemented, owned, and evidenced by operating records rather than by policy text alone.",YES_PARTIAL_NO,Implemented | Partially implemented | Not implemented | Not applicable | I do not know,true,UNIVERSAL,,CONTROLLER_AND_PROCESSOR,RECOMMENDED_BY_DATAGUARD,Access Control Procedure | Change and Audit Logs | Segregation of Duties Matrix,STRONG,QUARTERLY,SECURITY,HIGH,"DataGuard default risk classification: High. Unauthorised alteration is expressly named in section 27(1), is criminalised by section 61, and silently corrupts the accuracy duties in sections 5(d) and 24.","Identify the systems holding personal data, select proportionate safeguards against unauthorised alteration, assign an owner, and produce operating evidence.",Enforce and log write access controls over personal data,HIGH,ACTIVE,1.0.0,ACT_EXPLICIT,NONE,"Section 27(1) lists negligent loss and unauthorised destruction, alteration, access and processing as separate harms. DataGuard maps each to its own control so that partial coverage is visible."
PDPA-027-005,Personal Data Protection Act,2022,IV,"Collection, Use, Disclosure and Retention of Personal Data",27,Security of personal data,27(1),,Section 27(1),A data controller and his representatives shall ensure that personal data is protected by such security safeguards as are reasonable in the circumstances necessary for the protection of personal data against unauthorised access.,REQ-027-1,Protection against unauthorised access,"Specific technical and organisational safeguards address the risk of unauthorised access of personal data, and their operation is evidenced.",Are you protected against people seeing personal data when they have no business reason to see it?,Section 27(1) names unauthorised access as a distinct harm to protect against. Treating it separately makes it clear whether you actually have a control for it rather than a general assurance that security is handled.,"Apply least privilege, review access periodically, enforce strong authentication, and log and monitor access to sensitive records.","Named safeguards addressing unauthorised access are implemented, owned, and evidenced by operating records rather than by policy text alone.",YES_PARTIAL_NO,Implemented | Partially implemented | Not implemented | Not applicable | I do not know,true,UNIVERSAL,,CONTROLLER_AND_PROCESSOR,RECOMMENDED_BY_DATAGUARD,Access Control Procedure | Access Review Records | Authentication Policy | Access Logs,STRONG,QUARTERLY,SECURITY,CRITICAL,DataGuard default risk classification: Critical. Unauthorised access is expressly named in section 27(1) and is the precondition for most unlawful disclosure offences under section 60.,"Identify the systems holding personal data, select proportionate safeguards against unauthorised access, assign an owner, and produce operating evidence.",Implement least privilege and periodic access reviews for personal data,CRITICAL,ACTIVE,1.0.0,ACT_EXPLICIT,NONE,"Section 27(1) lists negligent loss and unauthorised destruction, alteration, access and processing as separate harms. DataGuard maps each to its own control so that partial coverage is visible."
PDPA-027-006,Personal Data Protection Act,2022,IV,"Collection, Use, Disclosure and Retention of Personal Data",27,Security of personal data,27(1),,Section 27(1),A data controller and his representatives shall ensure that personal data is protected by such security safeguards as are reasonable in the circumstances necessary for the protection of personal data against unauthorised processing.,REQ-027-1,Protection against unauthorised processing,"Specific technical and organisational safeguards address the risk of unauthorised processing of personal data, and their operation is evidenced.",Are you protected against personal data being used or analysed in ways nobody has authorised?,Section 27(1) names unauthorised processing as a distinct harm to protect against. Treating it separately makes it clear whether you actually have a control for it rather than a general assurance that security is handled.,"Control which systems and jobs may read production personal data, restrict use of production data in test environments, and review analytics, extract and integration jobs against the recorded purposes.","Named safeguards addressing unauthorised processing are implemented, owned, and evidenced by operating records rather than by policy text alone.",YES_PARTIAL_NO,Implemented | Partially implemented | Not implemented | Not applicable | I do not know,true,UNIVERSAL,,CONTROLLER_AND_PROCESSOR,RECOMMENDED_BY_DATAGUARD,Access Control Procedure | Data Flow Diagram | Test Data Management Policy | Integration Register,STRONG,QUARTERLY,SECURITY,HIGH,DataGuard default risk classification: High. Unauthorised processing is expressly named in section 27(1) and is where security failures and purpose limitation failures overlap.,"Identify the systems holding personal data, select proportionate safeguards against unauthorised processing, assign an owner, and produce operating evidence.",Control and review automated processing and extracts of personal data,HIGH,ACTIVE,1.0.0,ACT_EXPLICIT,NONE,"Section 27(1) lists negligent loss and unauthorised destruction, alteration, access and processing as separate harms. DataGuard maps each to its own control so that partial coverage is visible."
PDPA-027-007,Personal Data Protection Act,2022,IV,"Collection, Use, Disclosure and Retention of Personal Data",27,Security of personal data,27(2),(a),Section 27(2)(a),Security measures shall ensure an appropriate level of security taking into account the state of technological advancement.,REQ-027-2A,State of technological advancement considered,The organisation demonstrably weighs this statutory factor when selecting and reviewing security measures.,"When you choose security measures, do you take account of what current technology makes possible - and revisit that as technology moves?",A measure that was appropriate five years ago may not be today. The Act builds this movement into the standard itself.,"Record the technology baseline assumed by your security design, and review it on a set cycle or when a material change occurs, such as a cryptographic algorithm being deprecated.","A documented technology review cycle for security measures, with the last review dated.",YES_PARTIAL_NO,Implemented | Partially implemented | Not implemented | Not applicable | I do not know,true,UNIVERSAL,,CONTROLLER_AND_PROCESSOR,RECOMMENDED_BY_DATAGUARD,Security Architecture Review | Technology Refresh Plan | Risk Assessment,MODERATE,ANNUAL,SECURITY,MEDIUM,"DataGuard default risk classification: Medium. This is a factor the Act requires you to weigh rather than a standalone safeguard, but neglecting it makes the whole programme drift out of date.",Incorporate this factor explicitly into the security risk assessment methodology and record the outcome.,Establish a periodic technology review of security measures,MEDIUM,ACTIVE,1.0.0,ACT_EXPLICIT,NONE,Section 27(2) requires that the appropriate level of security take these factors into account. DataGuard assesses each factor separately so that a gap in any one of them is visible.
PDPA-027-008,Personal Data Protection Act,2022,IV,"Collection, Use, Disclosure and Retention of Personal Data",27,Security of personal data,27(2),(a),Section 27(2)(a),Security measures shall ensure an appropriate level of security taking into account the cost of implementing the measures.,REQ-027-2A,Cost of implementation considered,The organisation demonstrably weighs this statutory factor when selecting and reviewing security measures.,"When you decide on security measures, do you record how you weighed their cost against the protection they give?",The Act expressly allows cost to be weighed. That works in your favour only if the reasoning is recorded at the time rather than argued after an incident.,"Where a measure is rejected or deferred on cost grounds, record the decision, the residual risk accepted, who accepted it, and when it will be revisited.",A risk acceptance record for each security measure deferred or rejected on cost grounds.,YES_PARTIAL_NO,Implemented | Partially implemented | Not implemented | Not applicable | I do not know,true,UNIVERSAL,,CONTROLLER_AND_PROCESSOR,RECOMMENDED_BY_DATAGUARD,Risk Acceptance Record | Security Business Case | Risk Register,MODERATE,ANNUAL,SECURITY,MEDIUM,DataGuard default risk classification: Medium. Cost is an express statutory factor. Undocumented cost-based decisions are the ones that look like neglect after the event.,Incorporate this factor explicitly into the security risk assessment methodology and record the outcome.,Document cost and residual risk decisions for security measures,MEDIUM,ACTIVE,1.0.0,ACT_EXPLICIT,NONE,Section 27(2) requires that the appropriate level of security take these factors into account. DataGuard assesses each factor separately so that a gap in any one of them is visible.
PDPA-027-009,Personal Data Protection Act,2022,IV,"Collection, Use, Disclosure and Retention of Personal Data",27,Security of personal data,27(2),(b),Section 27(2)(b),Security measures shall ensure an appropriate level of security taking into account the nature of the personal data to be protected.,REQ-027-2B,Nature of the personal data considered,The organisation demonstrably weighs this statutory factor when selecting and reviewing security measures.,Do you apply stronger protection to more sensitive categories of personal data than to routine data?,A single level of protection across everything either over-protects routine data or under-protects the data that would cause real harm if exposed.,"Classify personal data holdings, treating sensitive personal data as defined in section 3 as its own tier, and map the safeguards required at each tier.",A data classification scheme with safeguards mapped to each tier and applied in practice.,YES_PARTIAL_NO,Implemented | Partially implemented | Not implemented | Not applicable | I do not know,true,UNIVERSAL,,CONTROLLER_AND_PROCESSOR,RECOMMENDED_BY_DATAGUARD,Data Classification Policy | Data Inventory with Classification | Security Policy,MODERATE,ANNUAL,SECURITY,HIGH,"DataGuard default risk classification: High. Sensitive personal data attracts specific statutory treatment under section 30, and failing to distinguish it undermines both duties at once.",Incorporate this factor explicitly into the security risk assessment methodology and record the outcome.,Classify personal data holdings and map safeguards to each classification tier,HIGH,ACTIVE,1.0.0,ACT_EXPLICIT,NONE,Section 27(2) requires that the appropriate level of security take these factors into account. DataGuard assesses each factor separately so that a gap in any one of them is visible.
PDPA-027-010,Personal Data Protection Act,2022,IV,"Collection, Use, Disclosure and Retention of Personal Data",27,Security of personal data,27(2),(b),Section 27(2)(b),Security measures shall ensure an appropriate level of security taking into account the potential risks to the data subject.,REQ-027-2B,Potential risks to the data subject considered,The organisation demonstrably weighs this statutory factor when selecting and reviewing security measures.,"When you assess security risk, do you assess the harm to the individuals concerned, not just the harm to your organisation?",The Act asks about risk to the data subject. An incident that is minor for the business can be severe for the person whose data it is.,"Include a harm-to-individual dimension in the security risk assessment, covering identity theft, discrimination, physical safety and financial loss, and let it drive control selection.",Risk assessments record impact on data subjects as a distinct dimension from organisational impact.,YES_PARTIAL_NO,Implemented | Partially implemented | Not implemented | Not applicable | I do not know,true,UNIVERSAL,,CONTROLLER_AND_PROCESSOR,RECOMMENDED_BY_DATAGUARD,Risk Assessment | Risk Assessment Methodology | Data Protection Impact Analysis,MODERATE,ANNUAL,SECURITY,HIGH,"DataGuard default risk classification: High. Risk to the data subject is an express statutory factor, and it is the dimension organisations most often omit from a security risk register.",Incorporate this factor explicitly into the security risk assessment methodology and record the outcome.,Add data subject harm as a distinct dimension of the security risk assessment,HIGH,ACTIVE,1.0.0,ACT_EXPLICIT,NONE,Section 27(2) requires that the appropriate level of security take these factors into account. DataGuard assesses each factor separately so that a gap in any one of them is visible.
PDPA-027-011,Personal Data Protection Act,2022,IV,"Collection, Use, Disclosure and Retention of Personal Data",27,Security of personal data,27(3),,Section 27(3),"The data controller and data processor, as the case may be, shall appoint a data protection officer.",REQ-027-3,Data protection officer appointed,A named individual has been formally appointed as data protection officer for the organisation in its capacity as controller or processor.,Have you formally appointed someone as your data protection officer?,"The Act requires an appointment. Naming a person informally is not the same thing, and the appointment is one of the first things a regulator will ask to see.","Issue a signed appointment letter identifying the individual, the effective date, the reporting line and the authority granted. Record the contact details and keep them current.","A signed, dated appointment letter is on file for a currently serving data protection officer.",DOCUMENT_REQUIRED,,true,UNIVERSAL,,CONTROLLER_AND_PROCESSOR,REQUIRED_BY_ACT,DPO Appointment Letter | Board or Management Resolution | Organisation Chart,STRONG,ANNUAL,GOVERNANCE,CRITICAL,"DataGuard default risk classification: Critical. The appointment is mandatory for both controllers and processors, it is binary and easily verified, and its absence is a visible failure that undermines every other control.","Select a suitable individual, issue a signed appointment letter, and record the appointment in the compliance file.",Appoint a data protection officer and issue a signed appointment letter,CRITICAL,ACTIVE,1.0.0,ACT_EXPLICIT,REGULATORY_DETAIL_PENDING,"Section 64(2)(c) allows regulations to prescribe the functions of the data protection officer. The Act itself does not set qualifications, independence requirements, or whether the role may be shared across a group. A statement such as we have a DPO with no appointment document is WEAK evidence."
PDPA-027-012,Personal Data Protection Act,2022,IV,"Collection, Use, Disclosure and Retention of Personal Data",27,Security of personal data,27(3),,Section 27(3),The data protection officer shall ensure that the control and security measures are in place to protect the personal data collected or being processed.,REQ-027-3,Data protection officer verifies control and security measures,"The data protection officer actively verifies that control and security measures are in place, and reports on that verification.","Does your data protection officer actually check that the controls and security measures are working, and report on what they find?","Section 27(3) gives the officer a substantive job, not a title. A DPO with no mandate, no access and no reporting line cannot discharge it.","Define the officer verification programme - what is reviewed, how often, and to whom findings are reported. Retain the reports. Ensure the officer has access to systems and to senior management.",A documented DPO verification programme with dated reports to senior management.,YES_PARTIAL_NO,Implemented | Partially implemented | Not implemented | Not applicable | I do not know,true,UNIVERSAL,,CONTROLLER_AND_PROCESSOR,REQUIRED_BY_ACT,DPO Report | DPO Work Plan | Management Review Minutes | Audit Report,STRONG,QUARTERLY,GOVERNANCE,HIGH,DataGuard default risk classification: High. The statutory function is verification. An appointment without verification activity satisfies the form of section 27(3) but not its substance.,Agree a DPO work plan with defined review cycles and a standing reporting slot at management level.,Establish a DPO verification and reporting programme,HIGH,ACTIVE,1.0.0,ACT_EXPLICIT,NONE,
PDPA-027-013,Personal Data Protection Act,2022,IV,"Collection, Use, Disclosure and Retention of Personal Data",27,Security of personal data,27(4),,Section 27(4),Implementation of activities of the data processor shall be governed by a contract which associates the data processor to the data controller.,REQ-027-4,Written contract in place with every data processor,Every processor that handles personal data on the organisation behalf is engaged under a contract governing the implementation of its activities.,Is there a signed contract in place with every supplier or partner that handles personal data on your behalf?,Section 27(4) requires the relationship to be governed by a contract. Suppliers engaged on a purchase order or a handshake leave the obligation unmet.,"Maintain a processor inventory. For each processor, confirm a signed contract exists and covers the section 27(4) elements assessed at PDPA-027-014 and PDPA-027-015.","A processor inventory in which every entry is linked to a signed, in-force contract.",YES_PARTIAL_NO,Implemented | Partially implemented | Not implemented | Not applicable | I do not know,true,CONDITIONAL,Does any third party process personal data on your behalf?,CONTROLLER,REQUIRED_BY_ACT,Processor Agreement | Data Processing Agreement | Processor Inventory | Signed Contract,STRONG,ANNUAL,THIRD_PARTY,CRITICAL,"DataGuard default risk classification: Critical. This is an express contractual requirement, it is binary, and an unpapered processor relationship is both a breach and an uncontrolled exposure.","Build the processor inventory, identify unpapered relationships, and put compliant contracts in place, prioritising those handling sensitive personal data.",Put a compliant written contract in place with every data processor,CRITICAL,ACTIVE,1.0.0,ACT_EXPLICIT,NONE,
PDPA-027-014,Personal Data Protection Act,2022,IV,"Collection, Use, Disclosure and Retention of Personal Data",27,Security of personal data,27(4),,Section 27(4),The contract shall be to the effect that the data processor acts under instructions of the data controller.,REQ-027-4,Contract requires the processor to act on controller instructions,"Each processor contract states that the processor acts under the instructions of the controller, and instructions are given and recorded in practice.","Does each processor contract say the processor must act on your instructions, and do you actually give and record those instructions?",This clause defines the boundary between processor and controller. Section 50(2)(b) makes a processor liable for damage where it acts contrary to the controller lawful instructions.,"Include an explicit instructions clause in every processor contract, and keep a record of documented instructions - the scope of processing, permitted sub-processing, and any change requests.","An instructions clause in every processor contract, supported by a record of documented instructions.",YES_PARTIAL_NO,Implemented | Partially implemented | Not implemented | Not applicable | I do not know,true,CONDITIONAL,Does any third party process personal data on your behalf?,CONTROLLER,REQUIRED_BY_ACT,Processor Agreement | Documented Processing Instructions | Contract Clause Review,STRONG,ANNUAL,THIRD_PARTY,HIGH,"DataGuard default risk classification: High. Without a clear instructions boundary, responsibility for a processor failure is unclear, and section 50(2)(b) liability turns on exactly this point.","Add or strengthen the instructions clause at the next contract review, and start recording instructions.",Add a controller instructions clause to all processor contracts,HIGH,ACTIVE,1.0.0,ACT_EXPLICIT,NONE,
PDPA-027-015,Personal Data Protection Act,2022,IV,"Collection, Use, Disclosure and Retention of Personal Data",27,Security of personal data,27(4),,Section 27(4),The contract shall provide that the data processor is additionally responsible for ensuring compliance of the security standards as provided by this Act.,REQ-027-4,Processor contractually responsible for security standards,"Each processor contract makes the processor responsible for compliance with the security standards required by the Act, and that responsibility is monitored.","Does each processor contract make the processor responsible for meeting the security standards the Act requires, and do you check that they do?",Section 27(4) places security responsibility on the processor in addition to the controller. Outsourcing the work does not outsource the exposure.,"Include a security standards clause and a right to obtain assurance - certification, audit report or questionnaire. Record the assurance obtained for each processor and refresh it periodically.",A security clause in every processor contract plus current assurance evidence per processor.,YES_PARTIAL_NO,Implemented | Partially implemented | Not implemented | Not applicable | I do not know,true,CONDITIONAL,Does any third party process personal data on your behalf?,CONTROLLER_AND_PROCESSOR,REQUIRED_BY_ACT,Processor Agreement | Processor Security Assurance | Audit Report | Certification Evidence,STRONG,ANNUAL,THIRD_PARTY,CRITICAL,"DataGuard default risk classification: Critical. Processor security failures produce controller-level consequences, and section 27(5) requires the controller to notify breaches occurring on its behalf.","Add the security standards clause, then collect assurance evidence starting with processors handling sensitive personal data.",Obtain security assurance evidence from every data processor,CRITICAL,ACTIVE,1.0.0,ACT_EXPLICIT,REGULATORY_DETAIL_PENDING,"Section 64(2)(h) allows regulations to prescribe appropriate standards relating to security of information to be met by data controllers. Until those are made, the applicable standards are those derivable from sections 5(g) and 27."
PDPA-027-016,Personal Data Protection Act,2022,IV,"Collection, Use, Disclosure and Retention of Personal Data",27,Security of personal data,27(5),,Section 27(5),"The data controller shall notify the Commission, without any undue delay, of any security breach affecting personal data being processed by or on behalf of the data controller.",REQ-027-5,Security breach notification to the Commission without undue delay,A documented procedure ensures the Commission is notified without undue delay of any security breach affecting personal data processed by or on behalf of the organisation.,Do you have a procedure that notifies the Commission without undue delay whenever there is a security breach affecting personal data - including breaches at your suppliers?,"The duty covers breaches at your processors as well as your own systems, and the clock is described as without undue delay. A procedure written after the breach is already too late.","Document the notification procedure with named roles, a decision path, and contract terms obliging processors to alert you promptly. Rehearse it. The Act sets no fixed hour count, so any internal deadline you adopt is your own commitment.","An approved breach notification procedure, tested at least annually, with processor notification obligations in contracts.",YES_PARTIAL_NO,Implemented | Partially implemented | Not implemented | Not applicable | I do not know,true,UNIVERSAL,,CONTROLLER_AND_PROCESSOR,REQUIRED_BY_ACT,Incident Response Procedure | Breach Notification Log | Breach Response Test Record | Processor Agreement,STRONG,ANNUAL,BREACH_NOTIFICATION,CRITICAL,"DataGuard default risk classification: Critical. This is an express, time-bound duty owed directly to the regulator, and section 46(2)(g) treats how a failure came to the attention of the Commission as a factor in setting any penalty.","Write and approve the breach notification procedure, add processor alerting obligations to contracts, and run a tabletop exercise.",Implement and test a security breach notification procedure,CRITICAL,ACTIVE,1.0.0,ACT_EXPLICIT,NONE,"OPEN_QUESTION: the Act does not define security breach, does not fix a period for without undue delay, does not prescribe the content or form of the notification, and does not require notification to affected data subjects. Do not import a 72-hour deadline or a data subject notification duty from another regime; neither appears in this Act."
PDPA-027-017,Personal Data Protection Act,2022,IV,"Collection, Use, Disclosure and Retention of Personal Data",27,Security of personal data,27(5),,Section 27(5),The controller must be able to identify security breaches affecting personal data processed by or on behalf of the controller in order to notify the Commission without undue delay.,REQ-027-5,Breach detection capability,"Monitoring, logging and reporting channels exist that would actually surface a security breach, including one occurring at a processor.",Would you find out if personal data were breached - in your own systems and at your suppliers?,You cannot notify a breach you never detect. The notification duty is only meaningful if something is watching.,"Ensure logging and alerting on systems holding personal data, provide a staff reporting channel, and require processors to notify you promptly. Review whether the coverage matches where the data actually is.","Monitoring and reporting channels cover all systems holding personal data, and processor notification duties are in contracts.",YES_PARTIAL_NO,Implemented | Partially implemented | Not implemented | Not applicable | I do not know,true,UNIVERSAL,,CONTROLLER_AND_PROCESSOR,RECOMMENDED_BY_DATAGUARD,Monitoring and Alerting Configuration | Incident Reporting Channel | Processor Agreement | Incident Log,MODERATE,QUARTERLY,BREACH_NOTIFICATION,HIGH,"DataGuard default risk classification: High. Detection is the precondition for the section 27(5) duty. Undetected breaches also mean the failure reaches the Commission from another source, which section 46(2)(g) treats as relevant to penalty.","Map systems holding personal data against monitoring coverage and close the gaps, starting with the highest-sensitivity holdings.",Establish breach detection coverage across all systems holding personal data,HIGH,ACTIVE,1.0.0,ACT_DERIVED,NONE,"ACT_DERIVED. The Act imposes no express detection duty. This control is derived from the notification duty in section 27(5) read with the safeguards duty in section 27(1), and adds no new legal obligation."
PDPA-028-001,Personal Data Protection Act,2022,IV,"Collection, Use, Disclosure and Retention of Personal Data",28,Retention and disposal of personal data,28(1),,Section 28(1),Personal data used for a specified purpose shall be retained for a period specified in the relevant laws or a period prescribed in the regulations.,REQ-028-1,Retention periods sourced from law or regulations,"For each category of personal data, the retention period is taken from the relevant written law or from regulations made under the Act, and the source is cited.","For each type of personal data you hold, have you identified the retention period set by the relevant law or regulations, and recorded where it comes from?",Section 28(1) points to periods fixed elsewhere in law rather than periods you choose. Citing the source is what makes the schedule defensible.,"Build the retention schedule with a citation column. Where no law or regulation fixes a period, record that fact explicitly rather than inventing a number, and justify the period against the purpose under section 5(e).","A retention schedule in which every record type has either a cited legal source or an explicit note that none was found, with a purpose-based justification.",YES_PARTIAL_NO,Implemented | Partially implemented | Not implemented | Not applicable | I do not know,true,UNIVERSAL,,CONTROLLER,REQUIRED_BY_ACT,Retention Schedule | Legal Retention Research Note | Data Processing Register,STRONG,ANNUAL,RETENTION,HIGH,DataGuard default risk classification: High. Retention is expressly regulated by section 28 and is one of the few duties where the correct answer is fixed externally rather than chosen by the organisation.,"Research the sectoral laws applying to each record type, then complete the citation column of the retention schedule.",Identify and cite the legal retention period for each personal data record type,HIGH,ACTIVE,1.0.0,ACT_EXPLICIT,REGULATORY_DETAIL_PENDING,"REGULATORY_DETAIL_PENDING. The Act itself prescribes no retention periods. Do not populate this control with invented periods. Where regulations under section 28(2) or 64(2)(j) are in force, they govern."
PDPA-028-002,Personal Data Protection Act,2022,IV,"Collection, Use, Disclosure and Retention of Personal Data",28,Retention and disposal of personal data,28(1),,Section 28(1),Retention shall ensure that the data subject has a reasonable opportunity to access the personal data where need arises.,REQ-028-1,Retention supports the data subject opportunity to access,Retention arrangements are set so that a data subject retains a reasonable opportunity to access their personal data while it is held.,"While you hold personal data, can the person it is about still get access to it if they ask?","Section 28(1) ties the retention duty to access. Data held in a form nobody can retrieve - deep archive, unindexed backups - defeats the purpose the Act gives for keeping it.","Confirm that data held under the retention schedule remains retrievable for a section 33 access request throughout the retention period, including archived and backup copies.","Retrievability confirmed for every record type in the retention schedule, including archives.",YES_PARTIAL_NO,Implemented | Partially implemented | Not implemented | Not applicable | I do not know,true,UNIVERSAL,,CONTROLLER,RECOMMENDED_BY_DATAGUARD,Retention Schedule | Archive Retrieval Test Record | Data Subject Rights Procedure,MODERATE,ANNUAL,RETENTION,MEDIUM,"DataGuard default risk classification: Medium. Unretrievable retained data frustrates section 33 access rights, though it is less directly harmful than over- or under-retention.",Test retrieval from archive and backup for each retained record type and remediate where retrieval fails.,Test retrievability of archived personal data for access requests,MEDIUM,ACTIVE,1.0.0,ACT_EXPLICIT,NONE,
PDPA-028-003,Personal Data Protection Act,2022,IV,"Collection, Use, Disclosure and Retention of Personal Data",28,Retention and disposal of personal data,28(1),,Section 28(1) read with section 5(e),"Retention is tied to the purpose for which the personal data is used under section 25, and section 5(e) requires storage in identifiable form for no longer than is necessary for that purpose.",REQ-028-1,Purpose-based retention decisions documented,Each retention decision records the purpose it serves and the reasoning behind the period chosen.,"For each type of personal data, have you written down why you keep it for as long as you do?","Where no law fixes a period, the purpose is what justifies the period. Recording the reasoning is the only way to show the decision was made rather than defaulted into.",Add purpose and rationale columns to the retention schedule. Have the data protection officer review and date the decisions.,"A retention schedule with a recorded purpose, rationale, decision owner and decision date per record type.",YES_PARTIAL_NO,Implemented | Partially implemented | Not implemented | Not applicable | I do not know,true,UNIVERSAL,,CONTROLLER,RECOMMENDED_BY_DATAGUARD,Retention Schedule | Retention Decision Record | DPO Approval Record,MODERATE,ANNUAL,RETENTION,MEDIUM,DataGuard default risk classification: Medium. Undocumented retention decisions are difficult to defend and tend to drift towards keeping everything forever.,Complete purpose and rationale columns for the retention schedule and have them approved.,Document the purpose and rationale behind each retention period,MEDIUM,ACTIVE,1.0.0,ACT_DERIVED,NONE,"ACT_DERIVED from sections 28(1), 25 and 5(e) read together. The requirement to document the reasoning is IMPLEMENTATION_GUIDANCE, not a statutory duty in its own terms."
PDPA-028-004,Personal Data Protection Act,2022,IV,"Collection, Use, Disclosure and Retention of Personal Data",28,Retention and disposal of personal data,28(2),,Section 28(2) read with section 64(2)(j),The Minister may by regulations prescribe the retention and disposal of personal data held by a data controller in accordance with the purpose of retention. Section 64(2)(j) allows regulations prescribing procedures for retention and disposal of personal data held by data controllers.,REQ-028-2,Secure disposal at the end of the retention period,"Personal data is securely disposed of at the end of its retention period, following any procedure prescribed by regulations, and disposal is recorded.","When personal data reaches the end of its retention period, is it securely disposed of, and do you keep a record that this happened?","Disposal is the step that actually reduces risk. Without a record, you cannot show it happened, and data assumed deleted has a habit of resurfacing in backups.","Define disposal methods per medium - electronic, paper, portable media - and record each disposal event. Cover archives and backup copies. Check the current regulations for any prescribed procedure before finalising the method.","A documented disposal procedure covering all media, with a disposal log evidencing execution.",YES_PARTIAL_NO,Implemented | Partially implemented | Not implemented | Not applicable | I do not know,true,UNIVERSAL,,CONTROLLER,RECOMMENDED_BY_DATAGUARD,Disposal Procedure | Disposal Log | Certificate of Destruction | Retention Schedule,STRONG,ANNUAL,RETENTION,HIGH,"DataGuard default risk classification: High. Data retained past its period is exposed for no lawful reason, and the absence of a disposal record makes over-retention indistinguishable from deliberate hoarding.","Write a disposal procedure covering every medium including backups, then start a disposal log.",Implement a secure disposal procedure and disposal log,HIGH,ACTIVE,1.0.0,ACT_EXPLICIT,REGULATORY_DETAIL_PENDING,"REGULATORY_DETAIL_PENDING. The disposal procedure is to be prescribed by regulations. Note the tension with section 29(2), which forbids permanent deletion of the pre-amendment record, and with section 59 preservation orders. Disposal must be sequenced around both."
PDPA-028-005,Personal Data Protection Act,2022,IV,"Collection, Use, Disclosure and Retention of Personal Data",28,Retention and disposal of personal data,28(2),,Section 28 read with section 64(2)(j),"The retention and disposal of personal data is to be carried out in accordance with the purpose of retention, as may be prescribed by regulations.",REQ-028-2,Periodic review of the retention schedule,The retention schedule is reviewed on a defined cycle and whenever a relevant law or regulation changes.,Do you review your retention schedule regularly and update it when the law changes?,"Retention periods are set outside the Act, in sectoral laws and in regulations still to be made. A schedule that is never revisited goes stale without anyone noticing.","Set an annual review with a named owner, and add a trigger for reviewing when regulations under section 28(2) or 64(2)(j) are made or amended.",A dated review record for the retention schedule with a named owner and a next-review date.,YES_PARTIAL_NO,Implemented | Partially implemented | Not implemented | Not applicable | I do not know,false,UNIVERSAL,,CONTROLLER,RECOMMENDED_BY_DATAGUARD,Retention Schedule Review Record | Compliance Calendar | Regulatory Change Log,MODERATE,ANNUAL,RETENTION,LOW,DataGuard default risk classification: Low. Review cadence is good practice that keeps the schedule current; the Act does not impose a review cycle.,Add the retention schedule review to the annual compliance calendar.,Schedule an annual review of the retention schedule,LOW,ACTIVE,1.0.0,IMPLEMENTATION_GUIDANCE,REGULATORY_DETAIL_PENDING,IMPLEMENTATION_GUIDANCE. The Act imposes no periodic review duty for retention schedules. This control exists so that the organisation notices when regulations are made.
PDPA-028-006,Personal Data Protection Act,2022,IV,"Collection, Use, Disclosure and Retention of Personal Data",28,Retention and disposal of personal data,28(1),,Section 28(1),"Retention shall be for a period specified in the relevant laws, which requires identification of the laws relevant to the data controller records.",REQ-028-1,Identification of applicable sectoral retention laws,"The organisation has identified the written laws that fix retention periods for its records, such as tax, company, employment, health or financial services legislation.","Have you identified the other laws that tell you how long to keep your records - tax, employment, company or sector rules?","Section 28(1) sends you to the relevant laws. If you have not found them, you cannot know whether your retention periods are right.","Ask counsel or the compliance function to produce a list of retention-relevant statutes for your sector, and map each to the record types affected.",A dated legal research note listing applicable retention statutes mapped to record types.,YES_PARTIAL_NO,Implemented | Partially implemented | Not implemented | Not applicable | I do not know,true,UNIVERSAL,,CONTROLLER,RECOMMENDED_BY_DATAGUARD,Legal Retention Research Note | Retention Schedule | External Counsel Advice,MODERATE,ANNUAL,RETENTION,MEDIUM,"DataGuard default risk classification: Medium. Without this research the retention schedule rests on assumption, though the underlying failure surfaces through PDPA-028-001.",Commission a legal review of sectoral retention obligations and map the results.,Identify the sectoral laws that fix retention periods for your records,MEDIUM,ACTIVE,1.0.0,ACT_DERIVED,NONE,ACT_DERIVED from section 28(1). DataGuard must not pre-populate Tanzanian sectoral retention periods; they lie outside this Act.
PDPA-029-001,Personal Data Protection Act,2022,IV,"Collection, Use, Disclosure and Retention of Personal Data",29,Correction of personal data,29(1),,Section 29(1),"Where a data subject claims that personal data in a document to which access has been given is incomplete, incorrect or misleading, or not relevant to the purpose for which the document is held, the data controller may, subject to prescribed procedures and upon being satisfied with the application, amend the personal data.",REQ-029-1,Correction request procedure,"A documented procedure receives, assesses and decides applications from data subjects to amend personal data, and records the outcome.","Do you have a procedure for handling requests from people to correct their personal data, and do you record what you decided?","Correction requests arrive by whatever channel the person happens to use. Without a procedure they get lost, and a lost request tends to become a complaint to the Commission.","Define intake channels, the assessment step, the decision maker and the record kept. The Act frames amendment as something the controller may do once satisfied, so the assessment reasoning matters and should be recorded.","An approved correction procedure with a request log recording each request, decision and reasoning.",YES_PARTIAL_NO,Implemented | Partially implemented | Not implemented | Not applicable | I do not know,true,UNIVERSAL,,CONTROLLER,REQUIRED_BY_ACT,Data Subject Rights Procedure | Correction Request Log | Rectification Log,STRONG,QUARTERLY,DATA_SUBJECT_RIGHTS,HIGH,DataGuard default risk classification: High. Correction requests are a common trigger for section 39 complaints and for Commission orders under section 38.,"Write and approve the correction procedure, publish the intake channel, and start the request log.",Implement a personal data correction request procedure,HIGH,ACTIVE,1.0.0,ACT_EXPLICIT,REGULATORY_DETAIL_PENDING,"The procedure for applications is to be prescribed by regulations. OPEN_QUESTION: the Act sets no time limit for deciding a correction application, and section 29(1) is framed as a discretion (may amend) exercisable once the controller is satisfied."
PDPA-029-002,Personal Data Protection Act,2022,IV,"Collection, Use, Disclosure and Retention of Personal Data",29,Correction of personal data,29(2),,Section 29(2),"The data controller shall, when making an amendment to personal data in a document under this section, ensure that he does not permanently delete the record of the text of the document as it existed prior to the amendment.",REQ-029-2,Pre-amendment record preserved on correction,"When personal data is amended, the text of the document as it existed before the amendment is preserved and is not permanently deleted.","When you correct someone personal data, do you keep a copy of what the record said before you changed it?","This is one of the few places where the Act dictates system behaviour directly. Overwriting a record in place, with no prior version retained, breaches section 29(2) even where the correction itself was right.","IMPLEMENTATION_GUIDANCE: maintain an auditable history or version of corrected information rather than permanently overwriting the previous record. In practice this means append-only history tables, versioned documents, or an equivalent immutable audit trail on any system holding personal data that can be amended. Retention and access rules for the preserved prior version should be defined, since it remains personal data.","Every system that can amend personal data retains the prior version in a retrievable, tamper-evident form.",YES_PARTIAL_NO,Implemented | Partially implemented | Not implemented | Not applicable | I do not know,true,UNIVERSAL,,CONTROLLER,REQUIRED_BY_ACT,System Version History Configuration | Audit Log Sample | Correction Request Log | Technical Design Document,STRONG,ANNUAL,DATA_INTEGRITY,HIGH,"DataGuard default risk classification: High. The duty is express and absolute in its terms, and a system that overwrites in place breaches it on every correction without anyone noticing.",Audit systems for in-place overwrite behaviour on personal data fields and introduce version history where it is missing.,Ensure all systems preserve the pre-amendment record when personal data is corrected,HIGH,ACTIVE,1.0.0,ACT_EXPLICIT,NONE,"This provision has direct architectural consequences for DataGuard itself: compliance records that are corrected must retain an auditable history rather than being overwritten. The statutory requirement is the non-deletion of the prior text; the versioning and audit-trail design described above is DataGuard implementation guidance, not a statutory prescription. OPEN_QUESTION: the Act does not say for how long the prior version must be preserved, nor how it interacts with the disposal duty under section 28."
PDPA-029-003,Personal Data Protection Act,2022,IV,"Collection, Use, Disclosure and Retention of Personal Data",29,Correction of personal data,29(3),,Section 29(3),"Where a data controller is not satisfied with the reasons for an application under subsection (1), he may refuse to make any amendment to the personal data and inform the applicant of the reasons for refusal.",REQ-029-3,Refusal of a correction request with reasons given,"Where a correction request is refused, the applicant is informed of the reasons and the reasoning is recorded.","If you refuse to correct someone data, do you tell them why, and do you keep a record of your reasons?","Refusing without reasons turns a defensible decision into an apparent brush-off, and it is what usually pushes the person to complain to the Commission instead.","Use a standard refusal notice template capturing the reasons and the date sent, and retain it with the request record. Mention the availability of a complaint to the Commission under section 39.","A refusal notice template in use, with issued notices retained against the request log.",YES_PARTIAL_NO,Implemented | Partially implemented | Not implemented | Not applicable | I do not know,true,CONDITIONAL,"Have you ever refused, or might you refuse, a request to correct personal data?",CONTROLLER,REQUIRED_BY_ACT,Refusal Notice Template | Correction Request Log | Issued Refusal Notices,STRONG,ANNUAL,DATA_SUBJECT_RIGHTS,MEDIUM,DataGuard default risk classification: Medium. Refusal is expressly permitted by the Act; the failure mode is refusing without communicating reasons.,Create a refusal notice template and require its use for every refusal.,Create a correction refusal notice template that states reasons,MEDIUM,ACTIVE,1.0.0,ACT_EXPLICIT,NONE,
PDPA-030-001,Personal Data Protection Act,2022,IV,"Collection, Use, Disclosure and Retention of Personal Data",30,Prohibition on processing of sensitive personal data,30(1),,Section 30(1) read with the definition of sensitive personal data in section 3,"A person shall not process sensitive personal data without obtaining prior written consent of the data subject. Sensitive personal data includes genetic data, data related to children, data related to offences, financial transactions of the individual, security measure or biometric data; data processed for what they reveal about racial or ethnic origin, political opinions, religious or philosophical beliefs, affiliation, trade-union membership, gender and data concerning health or sex life; and any personal data otherwise considered under the laws of the country as presenting a major risk to the rights and interests of the data subject.",REQ-030-1,Identification of sensitive personal data holdings,"The organisation has identified where it holds sensitive personal data as defined in section 3, and has flagged those holdings in its inventory.","Have you identified everywhere you hold sensitive personal data - such as health, biometric, genetic, financial transaction, children data, criminal offence data, or data revealing race, religion, political opinion, trade union membership, gender or sex life?","The definition in this Act is broader than many people expect - it includes financial transactions, data about children and security measures. Everything else in section 30 depends on knowing where this data is.","Flag sensitive holdings in the processing register against each limb of the section 3 definition. Note that data related to children is sensitive in its own right, and that data becomes sensitive where it is processed for what it reveals.",The processing register flags every sensitive personal data holding against the specific limb of the definition it falls under.,YES_PARTIAL_NO,Implemented | Partially implemented | Not implemented | Not applicable | I do not know,true,UNIVERSAL,,CONTROLLER_AND_PROCESSOR,RECOMMENDED_BY_DATAGUARD,Data Processing Register | Data Classification Policy | Sensitive Data Inventory,MODERATE,ANNUAL,SENSITIVE_DATA,CRITICAL,DataGuard default risk classification: Critical. Section 30(1) prohibits processing sensitive personal data without prior written consent unless an exception applies. An organisation that has not identified its sensitive holdings cannot know whether it is inside that prohibition.,Run a data discovery exercise against each limb of the section 3 definition and flag the results in the register.,Identify and flag all sensitive personal data holdings,CRITICAL,ACTIVE,1.0.0,ACT_EXPLICIT,NONE,"The section 3 definition uses includes, so the list is not exhaustive. Limb (c) extends to personal data otherwise considered under the laws of the country as presenting a major risk to the rights and interests of the data subject."
PDPA-030-002,Personal Data Protection Act,2022,IV,"Collection, Use, Disclosure and Retention of Personal Data",30,Prohibition on processing of sensitive personal data,30(1),,Section 30(1),A person shall not process sensitive personal data without obtaining prior written consent of the data subject.,REQ-030-1,Prior written consent obtained for sensitive personal data,"Where sensitive personal data is processed on the basis of consent, that consent is written, obtained before processing begins, and retained as a record.","Where you process sensitive personal data on the basis of consent, did you get that consent in writing before you started, and can you produce it?","The Act requires the consent to be written and prior. Consent gathered afterwards, or given verbally, does not meet the section as drafted.","Capture consent in a retained written form linked to the individual record, with the date and the specific processing consented to. Where consent is not the basis, record the section 30(5) exception instead - see PDPA-030-005.",A retrievable written consent record per data subject for each consent-based sensitive processing activity.,YES_PARTIAL_NO,Implemented | Partially implemented | Not implemented | Not applicable | I do not know,true,CONDITIONAL,Do you process any sensitive personal data on the basis of consent?,CONTROLLER_AND_PROCESSOR,REQUIRED_BY_ACT,Consent Record | Consent Form Template | Consent Management System Export,STRONG,QUARTERLY,SENSITIVE_DATA,CRITICAL,DataGuard default risk classification: Critical. Section 30(1) is a prohibition. Processing sensitive personal data without written prior consent and without an applicable exception is unlawful from the first record.,"Identify consent-based sensitive processing, put written consent capture in place, and either re-obtain consent or move to a documented section 30(5) exception.",Implement written prior consent capture for sensitive personal data,CRITICAL,ACTIVE,1.0.0,ACT_EXPLICIT,NONE,Section 30(1) is subject to the exceptions in section 30(5). Do not assume all sensitive data processing requires consent - see PDPA-030-005. OPEN_QUESTION: the Act does not define the form or content requirements for written consent.
PDPA-030-003,Personal Data Protection Act,2022,IV,"Collection, Use, Disclosure and Retention of Personal Data",30,Prohibition on processing of sensitive personal data,30(2),,Section 30(2),The consent under subsection (1) may be withdrawn by the data subject at any time and without any explanation or charges.,REQ-030-2,"Consent withdrawal at any time, free of charge and without explanation","Data subjects can withdraw consent to sensitive data processing at any time, without giving a reason and without any charge, and withdrawal takes effect in the systems.","Can people withdraw their consent at any time, without giving a reason and without paying anything - and does that actually stop the processing?","The Act is explicit that withdrawal is free and needs no explanation. A withdrawal route that is hard to find, or that logs the request but does not stop the processing, does not satisfy it.",Provide a withdrawal channel at least as easy as the channel used to give consent. Ensure withdrawal propagates to downstream systems and to processors. Never require a reason and never charge a fee.,"A working, free withdrawal channel with evidence that withdrawal stops the processing in all systems.",YES_PARTIAL_NO,Implemented | Partially implemented | Not implemented | Not applicable | I do not know,true,CONDITIONAL,Do you process any sensitive personal data on the basis of consent?,CONTROLLER,REQUIRED_BY_ACT,Consent Withdrawal Procedure | Withdrawal Log | System Configuration Evidence | Consent Record,STRONG,QUARTERLY,SENSITIVE_DATA,HIGH,DataGuard default risk classification: High. Continuing to process after withdrawal removes the lawful basis and returns the processing to the section 30(1) prohibition.,"Build the withdrawal channel, test that withdrawal propagates downstream, and remove any fee or explanation requirement.","Implement a free, no-explanation consent withdrawal channel",HIGH,ACTIVE,1.0.0,ACT_EXPLICIT,NONE,
PDPA-030-004,Personal Data Protection Act,2022,IV,"Collection, Use, Disclosure and Retention of Personal Data",30,Prohibition on processing of sensitive personal data,30(4),,Section 30(4),"Where the data subject from whom consent is sought is a minor, a person of unsound mind or any other person unable to consent, such consent shall be sought from his parents, guardian, heirs, attorneys or any other person recognised by law to be acting on behalf of that person.",REQ-030-4,Consent obtained from the authorised representative where the data subject cannot consent,"Where the data subject is a minor, of unsound mind, or otherwise unable to consent, consent is sought from the parent, guardian, heir, attorney or other legally recognised representative, and the authority is verified.","Where the person cannot give consent themselves - for example a child - do you obtain consent from their parent, guardian or other authorised representative, and do you check that authority?","Data related to children is sensitive personal data under this Act in its own right, so any service that touches children data engages both section 30(1) and section 30(4).",Identify processing involving minors or persons unable to consent. Define how representative authority is verified and recorded. Note that child takes its meaning from the Child Act.,"Representative consent records held, with the basis of authority verified and recorded.",YES_PARTIAL_NO,Implemented | Partially implemented | Not implemented | Not applicable | I do not know,true,CONDITIONAL,"Do you process personal data of children, or of anyone who may be unable to give their own consent?",CONTROLLER,REQUIRED_BY_ACT,Consent Record | Guardian Authority Verification Record | Age Verification Procedure,STRONG,ANNUAL,SENSITIVE_DATA,CRITICAL,"DataGuard default risk classification: Critical. Data related to children is expressly sensitive personal data under section 3, so a defective consent chain here breaches the section 30(1) prohibition directly.","Identify processing involving minors, implement representative consent capture, and verify authority before processing.",Implement representative consent capture for minors and persons unable to consent,CRITICAL,ACTIVE,1.0.0,ACT_EXPLICIT,NONE,Child has the meaning ascribed to it under the Child Act (section 3). OPEN_QUESTION: the Act does not prescribe how age or capacity is to be verified.
PDPA-030-005,Personal Data Protection Act,2022,IV,"Collection, Use, Disclosure and Retention of Personal Data",30,Prohibition on processing of sensitive personal data,30(5),(a)-(f),Section 30(5)(a)-(f),"The consent requirement in subsection (1) does not apply where the processing is necessary for compliance with other written laws; is necessary to protect the vital interests of the data subject or another person where the data subject is incapable of consenting or is not represented; is necessary for the institution, trial or defence of legal claims; relates to personal data apparently made public by the data subject; is necessary for scientific research where the Commission has by special guidelines specified the circumstances; or is necessary for medical reasons in the interest of the data subject under the supervision of a health professional.",REQ-030-5,Documented reliance on the sensitive data consent exceptions,"Where sensitive personal data is processed without consent, the specific section 30(5) exception relied on is identified, justified and recorded.","Where you process sensitive personal data without consent, have you recorded which legal exception allows it?","The Act does provide exceptions, so not all sensitive processing needs consent. But the exception has to be identified and justified, not assumed.","For each sensitive processing activity without consent, record the exception limb, the justification and the assessment date. Have the data protection officer review. Note that reliance on the research exception depends on Commission guidelines existing - see PDPA-030-006.","A sensitive data exception register with a limb, justification, reviewer and date for each entry.",YES_PARTIAL_NO,Implemented | Partially implemented | Not implemented | Not applicable | I do not know,true,CONDITIONAL,Do you process any sensitive personal data without the consent of the data subject?,CONTROLLER_AND_PROCESSOR,REQUIRED_BY_ACT,Sensitive Data Exception Register | Legal Assessment Note | DPO Approval Record,STRONG,ANNUAL,SENSITIVE_DATA,HIGH,"DataGuard default risk classification: High. The exceptions are lawful routes, so the risk is relying on one without analysis. An unrecorded exception is indistinguishable from no exception during an investigation.","Create the exception register, complete it for existing non-consent sensitive processing, and take advice on marginal cases.",Record the section 30(5) exception relied on for each non-consent sensitive processing activity,HIGH,ACTIVE,1.0.0,ACT_EXPLICIT,NONE,Do not treat all sensitive personal data processing as unlawful without consent. Section 30(5) provides six express exceptions.
PDPA-030-006,Personal Data Protection Act,2022,IV,"Collection, Use, Disclosure and Retention of Personal Data",30,Prohibition on processing of sensitive personal data,30(5),(e),Section 30(5)(e),"Subsection (1) shall not apply where the processing is necessary for the purposes of scientific research and the Commission has, by special guidelines, specified the circumstances under which such processing may be carried out.",REQ-030-5,Scientific research exception conditional on Commission guidelines,"Reliance on the scientific research exception is conditional on the Commission having issued special guidelines specifying the circumstances, and on the processing falling within them.","If you process sensitive personal data for scientific research without consent, have you confirmed that the Commission has issued guidelines covering it and that you fall within them?","This exception is not self-executing. On the wording of the Act it depends on the Commission having issued special guidelines, so the exception cannot be assumed to be available.","Confirm the existence and terms of any Commission special guidelines before relying on this limb. If none exist, do not rely on it - seek consent or another exception, or take legal advice.","A documented confirmation of the applicable Commission guidelines, or a decision not to rely on this exception.",YES_PARTIAL_NO,Implemented | Partially implemented | Not implemented | Not applicable | I do not know,true,CONDITIONAL,Do you process sensitive personal data for scientific research purposes without consent?,CONTROLLER,RECOMMENDED_BY_DATAGUARD,Commission Guidelines Reference | Research Ethics Approval | Legal Assessment Note,STRONG,ANNUAL,SENSITIVE_DATA,HIGH,"DataGuard default risk classification: High. If no guidelines exist, reliance on this limb leaves the processing inside the section 30(1) prohibition.",Confirm the position with the Commission or with counsel before relying on the research exception.,Confirm the availability of the section 30(5)(e) scientific research exception,HIGH,ACTIVE,1.0.0,ACT_EXPLICIT,REGULATORY_DETAIL_PENDING,REGULATORY_DETAIL_PENDING. OPEN_QUESTION: whether the Commission has issued the special guidelines referred to in section 30(5)(e) is outside the Act and must be verified. DataGuard must not presume they exist.
PDPA-030-007,Personal Data Protection Act,2022,IV,"Collection, Use, Disclosure and Retention of Personal Data",30,Prohibition on processing of sensitive personal data,30(5),(f),Section 30(5)(f),"Subsection (1) shall not apply where the processing is necessary for the purposes of medical reasons in the interest of the data subject, and the sensitive personal data concerned is processed under the supervision of a health professional in accordance with the law governing such health care services.",REQ-030-5,Medical processing supervised by a health professional,Sensitive personal data processed for medical reasons without consent is processed under the supervision of a health professional in accordance with the law governing health care services.,"Where you process health-related sensitive data for medical reasons without consent, is that processing supervised by a recognised health professional?","The exception has two limbs: the medical purpose in the interest of the data subject, and supervision by a health professional. Both must hold.",Record the supervising health professional and the basis of their recognition under the relevant law. Health professional is defined in section 3 as a person providing health care services and recognised as such by the relevant law.,A record of the supervising health professional for each medical processing activity relying on this exception.,YES_PARTIAL_NO,Implemented | Partially implemented | Not implemented | Not applicable | I do not know,true,CONDITIONAL,Do you process sensitive personal data for medical reasons without the consent of the data subject?,CONTROLLER,RECOMMENDED_BY_DATAGUARD,Health Professional Supervision Record | Professional Registration Evidence | Clinical Governance Policy,STRONG,ANNUAL,SENSITIVE_DATA,HIGH,DataGuard default risk classification: High. Without the supervision limb the exception fails and the processing falls back inside the section 30(1) prohibition.,Identify the supervising health professional for each activity and record the basis of their recognition.,Record health professional supervision for medical sensitive data processing,HIGH,ACTIVE,1.0.0,ACT_EXPLICIT,NONE,
PDPA-030-008,Personal Data Protection Act,2022,IV,"Collection, Use, Disclosure and Retention of Personal Data",30,Prohibition on processing of sensitive personal data,30(3),,Section 30(3),"The Minister may, by regulations, determine circumstances in which the prohibition to process the personal data referred to in this section cannot be removed even with the data subject consent.",REQ-030-3,Monitoring of absolute prohibitions on sensitive data processing,"The organisation monitors for regulations made under section 30(3) that would prohibit certain sensitive data processing even with consent, and checks its processing against them.","Do you check whether any regulations forbid certain sensitive data processing outright, even where you have consent?","Section 30(3) allows for categories of processing that no consent can authorise. If such regulations are made, consent-based processing in those categories becomes unlawful overnight.","Add section 30(3) regulations to the regulatory monitoring list. Where regulations exist, check each sensitive processing activity against them and stop any that falls inside an absolute prohibition.","A regulatory monitoring record covering section 30(3), with an assessment against any regulations in force.",YES_PARTIAL_NO,Implemented | Partially implemented | Not implemented | Not applicable | I do not know,false,CONDITIONAL,Do you process any sensitive personal data?,CONTROLLER,RECOMMENDED_BY_DATAGUARD,Regulatory Change Log | Legal Assessment Note | Sensitive Data Exception Register,MODERATE,ANNUAL,SENSITIVE_DATA,MEDIUM,"DataGuard default risk classification: Medium. The obligation is contingent on regulations that may not yet exist, but the consequence if they are made and missed is that consent-based processing becomes unlawful.",Add section 30(3) to the regulatory monitoring list with a named owner.,Monitor for regulations made under section 30(3),LOW,ACTIVE,1.0.0,ACT_EXPLICIT,REGULATORY_DETAIL_PENDING,REGULATORY_DETAIL_PENDING. The Act does not itself identify any such circumstance. DataGuard must not pre-populate any absolute prohibition.
PDPA-030-009,Personal Data Protection Act,2022,IV,"Collection, Use, Disclosure and Retention of Personal Data",30,Prohibition on processing of sensitive personal data,30(1),,Section 30 read with section 27(2)(b),Section 27(2)(b) requires the level of security to take into account the nature of the personal data to be protected and the potential risks to the data subject. Section 30 subjects sensitive personal data to a specific prohibition and consent regime.,REQ-030-1,Enhanced security and access restriction for sensitive personal data,"Sensitive personal data is subject to stricter access restrictions and stronger safeguards than other personal data, in proportion to its nature and the risk to data subjects.",Is access to sensitive personal data more tightly restricted than access to your ordinary personal data?,The Act treats sensitive data as a distinct category with its own regime. Applying identical controls to all data means the sensitive holdings are under-protected.,"Restrict access to sensitive holdings to named roles, log access, and apply stronger authentication and encryption. Review the access list on a defined cycle.","A documented enhanced control set applied to sensitive holdings, with periodic access reviews evidenced.",YES_PARTIAL_NO,Implemented | Partially implemented | Not implemented | Not applicable | I do not know,true,CONDITIONAL,Do you process any sensitive personal data?,CONTROLLER_AND_PROCESSOR,RECOMMENDED_BY_DATAGUARD,Access Control Procedure | Access Review Records | Data Classification Policy | Encryption Standard,STRONG,QUARTERLY,SENSITIVE_DATA,CRITICAL,"DataGuard default risk classification: Critical. Exposure of sensitive personal data carries the highest potential harm to data subjects, which is itself an express section 27(2)(b) factor.","Define a sensitive data control tier, apply it to the flagged holdings, and start periodic access reviews.",Apply enhanced access restrictions to sensitive personal data holdings,CRITICAL,ACTIVE,1.0.0,ACT_DERIVED,NONE,ACT_DERIVED from sections 27(2)(b) and 30 read together. It adds no new legal obligation; it applies the existing security duty at the level the nature of the data requires.
PDPA-030-010,Personal Data Protection Act,2022,IV,"Collection, Use, Disclosure and Retention of Personal Data",30,Prohibition on processing of sensitive personal data,30(1),,Section 30 read with section 27(3),"Compliance with section 30 requires the controller to be able to show, for each sensitive processing activity, whether it rests on prior written consent or on a section 30(5) exception.",REQ-030-1,Documentation of sensitive personal data processing,"A consolidated record shows, for each sensitive processing activity, the data category, the legal footing relied on, the consent or exception evidence, and the responsible owner.",Do you keep a single record showing every use of sensitive personal data and what makes each one lawful?,"When the Commission asks about sensitive data, it will ask activity by activity. A consolidated record is the difference between answering in an hour and answering in a month.","Extend the processing register with a sensitive data view combining the flags from PDPA-030-001, the consent records, the section 30(5) exception entries and the owner. Have the data protection officer review it periodically.",A maintained sensitive processing record reviewed by the data protection officer at least annually.,YES_PARTIAL_NO,Implemented | Partially implemented | Not implemented | Not applicable | I do not know,true,CONDITIONAL,Do you process any sensitive personal data?,CONTROLLER,RECOMMENDED_BY_DATAGUARD,Sensitive Data Inventory | Data Processing Register | DPO Report | Consent Record,MODERATE,ANNUAL,SENSITIVE_DATA,HIGH,"DataGuard default risk classification: High. Without this record the organisation cannot demonstrate the lawfulness of its sensitive processing, even where each individual activity happens to be lawful.",Build the consolidated sensitive processing view and assign it to the data protection officer for periodic review.,Maintain a consolidated record of all sensitive personal data processing,HIGH,ACTIVE,1.0.0,INTERPRETATION,NONE,INTERPRETATION. The Act does not expressly require a sensitive data register. DataGuard treats it as the practical means of demonstrating compliance with section 30 and of supporting the data protection officer function under section 27(3).
PDPA-031-001,Personal Data Protection Act,2022,V,Transborder Data Flow,31,Transfer of personal data to state with adequate data protection,31(2),,Sections 31 and 32 read with section 5(h),"Part V governs transborder flow, defined in section 3 as any international cross-border flows of personal data by means of electronic transmission or other means. Compliance requires the controller to know which transfers it makes.",REQ-031-2,Identification and inventory of international transfers,"All transborder flows of personal data are identified and recorded, including electronic transmission and any other means.","Have you listed every occasion on which personal data leaves Tanzania, by any means?","The statutory definition covers transfers by electronic transmission or other means. Cloud hosting, offshore support access, group reporting and even couriered paper all count.","Build a transfer inventory covering hosting and cloud services, offshore support and administration access, intra-group reporting, offshore backups and disaster recovery, and any physical movement of records. Record recipient, destination country, data categories and purpose for each.","A complete transfer inventory, reviewed at least annually and on any change of supplier or hosting arrangement.",YES_PARTIAL_NO,Implemented | Partially implemented | Not implemented | Not applicable | I do not know,true,CONDITIONAL,Does any personal data you hold leave Tanzania by any means?,CONTROLLER,RECOMMENDED_BY_DATAGUARD,Transfer Inventory | Cloud Hosting Register | Data Flow Diagram | Processor Inventory,MODERATE,ANNUAL,CROSS_BORDER_TRANSFER,HIGH,DataGuard default risk classification: High. Everything else in Part V depends on knowing which transfers exist. Undiscovered transfers are unassessed transfers.,"Interview IT and business owners, review supplier contracts and hosting arrangements, and build the inventory before assessing any individual transfer.",Build a complete inventory of transborder personal data flows,HIGH,ACTIVE,1.0.0,ACT_DERIVED,NONE,ACT_DERIVED. The Act does not expressly require a transfer inventory. It is the practical precondition for demonstrating compliance with sections 31 and 32.
PDPA-031-002,Personal Data Protection Act,2022,V,Transborder Data Flow,31,Transfer of personal data to state with adequate data protection,31(2),,Section 31(2),Personal data shall be transferred to a country that has a legal framework that provides for adequate data protection.,REQ-031-2,Destination country legal framework assessed,"For each destination, the organisation has assessed whether that country has a legal framework providing adequate data protection, and has recorded the assessment.","For each country you send personal data to, have you assessed whether its laws provide adequate data protection, and written that assessment down?",Section 31 applies to countries with an adequate legal framework and section 32 to those without. Which section governs a transfer depends on this assessment.,"Assess each destination country using the section 32(2) factors, which supply the statutory criteria for adequacy. Record the conclusion, the date and who made it. Reassess when the destination law changes.","A dated adequacy assessment per destination country, held with the transfer inventory.",YES_PARTIAL_NO,Implemented | Partially implemented | Not implemented | Not applicable | I do not know,true,CONDITIONAL,Do you transfer personal data outside Tanzania?,CONTROLLER,REQUIRED_BY_ACT,Transfer Assessment | Legal Assessment Note | External Counsel Advice,STRONG,ANNUAL,CROSS_BORDER_TRANSFER,HIGH,"DataGuard default risk classification: High. The adequacy conclusion determines which statutory route applies, and getting it wrong invalidates the basis for every transfer to that destination.","Commission a country-by-country assessment against the section 32(2) factors, starting with your highest-volume destinations.",Assess the data protection legal framework of each destination country,HIGH,ACTIVE,1.0.0,ACT_EXPLICIT,NONE,"DataGuard must not hard-code any country as adequate or inadequate. The Act contains no list of adequate countries, and no adequacy decision is reproduced in it. Adequacy is assessed by the data controller under section 32(2), subject to the Commission powers under sections 31(1) and 32(5) and to any regulations under section 32(3)."
PDPA-031-003,Personal Data Protection Act,2022,V,Transborder Data Flow,31,Transfer of personal data to state with adequate data protection,31(2),(a)-(b),Section 31(2)(a)-(b),"A transfer to a country with an adequate legal framework requires that the recipient establishes either that the personal data is necessary for the performance of a task carried out in the public interest or pursuant to the lawful functions of a data controller, or that there is a necessity for the transfer and no reason to assume that the data subject legitimate interests might be prejudiced by the transfer or by the processing in the recipient country.",REQ-031-2,Recipient establishes the statutory ground for the transfer,"For each transfer under section 31, the recipient has established one of the two statutory grounds, and the organisation holds that record.","For each transfer, has the recipient shown you why the data is needed, and have you kept that in writing?","The Act puts the burden on the recipient to establish the ground. If the recipient has never been asked, the ground has not been established.","Ask the recipient to state in writing which ground applies and why. For the second ground, record the assessment that the data subject legitimate interests would not be prejudiced.","A written statement from each recipient establishing the ground, held with the transfer record.",YES_PARTIAL_NO,Implemented | Partially implemented | Not implemented | Not applicable | I do not know,true,CONDITIONAL,Do you transfer personal data to a country you have assessed as having an adequate legal framework?,CONTROLLER,REQUIRED_BY_ACT,Recipient Necessity Statement | Transfer Assessment | Data Sharing Agreement,STRONG,ANNUAL,CROSS_BORDER_TRANSFER,HIGH,"DataGuard default risk classification: High. Without the recipient statement the transfer has no established ground, and the record cannot be reconstructed after the fact.",Request written necessity statements from existing recipients and build the request into the onboarding process for new ones.,Obtain written necessity statements from transfer recipients,HIGH,ACTIVE,1.0.0,ACT_EXPLICIT,NONE,
PDPA-031-004,Personal Data Protection Act,2022,V,Transborder Data Flow,31,Transfer of personal data to state with adequate data protection,31(3),,Section 31(3),"The data controller shall, notwithstanding subsection (2), be required to make a provisional evaluation of the necessity for the transfer of the personal data.",REQ-031-3,Controller provisional evaluation of transfer necessity,"Before transferring, the controller carries out and records its own provisional evaluation of whether the transfer is necessary, independently of the recipient statement.","Before you send personal data abroad, do you make and record your own judgement that the transfer is necessary?",The Act imposes this duty on the controller in addition to the recipient having to establish a ground. Relying only on what the recipient says does not discharge it.,"Complete a short provisional evaluation per transfer: what data, why it must go, whether a lesser alternative would work, and who decided. Do it before the transfer starts.","A dated provisional evaluation on file for every transfer, completed before the transfer began.",YES_PARTIAL_NO,Implemented | Partially implemented | Not implemented | Not applicable | I do not know,true,CONDITIONAL,Do you transfer personal data outside Tanzania?,CONTROLLER,REQUIRED_BY_ACT,Transfer Assessment | Provisional Necessity Evaluation | DPO Approval Record,STRONG,ANNUAL,CROSS_BORDER_TRANSFER,HIGH,"DataGuard default risk classification: High. This is an express, controller-specific duty that is separate from the recipient obligation and is frequently overlooked.","Create a provisional evaluation template and complete it retrospectively for live transfers, then make it a pre-transfer gate.",Complete a provisional necessity evaluation for every cross-border transfer,HIGH,ACTIVE,1.0.0,ACT_EXPLICIT,NONE,"OPEN_QUESTION: the Act does not define what a provisional evaluation must contain, nor when it ceases to be provisional."
PDPA-031-005,Personal Data Protection Act,2022,V,Transborder Data Flow,31,Transfer of personal data to state with adequate data protection,31(4),,Section 31(4),The recipient shall ensure that the necessity for the transfer of the personal data can be subsequently verified.,REQ-031-4,Recipient maintains verifiable evidence of necessity,Transfer arrangements require the recipient to keep records that allow the necessity for the transfer to be verified later.,Have you required your overseas recipients to keep records that would let the necessity for the transfer be checked afterwards?,"The duty falls on the recipient, but you are the one who will be asked. A contractual record-keeping obligation is how you make it real.","Include a record-keeping and verification clause in the transfer agreement, with a right to request evidence. Note that this obligation is placed on the recipient by the Act.",A verification and record-keeping clause in every cross-border transfer agreement.,YES_PARTIAL_NO,Implemented | Partially implemented | Not implemented | Not applicable | I do not know,true,CONDITIONAL,Do you transfer personal data outside Tanzania?,CONTROLLER,RECOMMENDED_BY_DATAGUARD,Data Sharing Agreement | Processor Agreement | Transfer Assessment,MODERATE,ANNUAL,CROSS_BORDER_TRANSFER,MEDIUM,"DataGuard default risk classification: Medium. The statutory duty is on the recipient, so the controller exposure is indirect, but without the clause the controller has no way to obtain the evidence.",Add a verification clause at the next contract renewal for each recipient.,Add a necessity verification clause to cross-border transfer agreements,MEDIUM,ACTIVE,1.0.0,ACT_EXPLICIT,NONE,"Section 31(4) imposes the duty on the recipient. DataGuard treats securing it contractually as the controller practical route, which is IMPLEMENTATION_GUIDANCE rather than a statutory duty on the controller."
PDPA-031-006,Personal Data Protection Act,2022,V,Transborder Data Flow,31,Transfer of personal data to state with adequate data protection,31(5),,Section 31(5),The data controller shall ensure that the recipient shall process the personal data for the purposes for which it was transferred.,REQ-031-5,Recipient processing limited to the transfer purpose,"The controller ensures, contractually and in practice, that the recipient processes the transferred data only for the purposes for which it was transferred.",Do you make sure your overseas recipients only use the data for the purpose you sent it for?,"The Act makes this the controller responsibility, not the recipient. Sending the data does not transfer the accountability.","State the permitted purposes explicitly in the transfer agreement, prohibit onward use and onward transfer without consent, and seek periodic confirmation of compliance.",Purpose limitation clauses in every transfer agreement plus periodic confirmation from the recipient.,YES_PARTIAL_NO,Implemented | Partially implemented | Not implemented | Not applicable | I do not know,true,CONDITIONAL,Do you transfer personal data outside Tanzania?,CONTROLLER,REQUIRED_BY_ACT,Data Sharing Agreement | Processor Agreement | Recipient Compliance Confirmation,STRONG,ANNUAL,CROSS_BORDER_TRANSFER,HIGH,"DataGuard default risk classification: High. The duty to ensure rests expressly on the controller, so recipient misuse is a controller failure.","Add explicit purpose limitation and onward transfer clauses, and introduce annual confirmation requests.",Bind recipients to the transfer purpose and obtain periodic confirmation,HIGH,ACTIVE,1.0.0,ACT_EXPLICIT,NONE,
PDPA-031-007,Personal Data Protection Act,2022,V,Transborder Data Flow,31,Transfer of personal data to state with adequate data protection,31(1),,Section 31(1),"The Commission may, subject to the provisions of this Act, prohibit the transfer of personal data to a place outside the country.",REQ-031-1,Compliance with Commission transfer prohibitions,The organisation monitors for and complies with any prohibition issued by the Commission on transfers to a place outside the country.,"Do you check whether the Commission has prohibited transfers to any of the places you send data to, and could you stop such a transfer quickly?",A prohibition can arrive at any time. Being able to identify and suspend the affected flows quickly is what turns a notice into a manageable event.,Add Commission announcements to the regulatory monitoring list. Ensure the transfer inventory is structured so affected flows can be identified and suspended by destination.,"Regulatory monitoring covers Commission transfer prohibitions, and the transfer inventory supports suspension by destination.",YES_PARTIAL_NO,Implemented | Partially implemented | Not implemented | Not applicable | I do not know,true,CONDITIONAL,Do you transfer personal data outside Tanzania?,CONTROLLER,RECOMMENDED_BY_DATAGUARD,Regulatory Change Log | Transfer Inventory | Incident and Escalation Procedure,MODERATE,ANNUAL,CROSS_BORDER_TRANSFER,MEDIUM,"DataGuard default risk classification: Medium. A prohibition is a contingent event, but continuing a prohibited transfer would be a direct and serious contravention.",Add Commission transfer prohibitions to the regulatory monitoring list and confirm the inventory can be filtered by destination.,Monitor for and be able to act on Commission transfer prohibitions,MEDIUM,ACTIVE,1.0.0,ACT_EXPLICIT,NONE,
PDPA-032-001,Personal Data Protection Act,2022,V,Transborder Data Flow,32,Transfer of personal data to state without adequate data protection,32(1),,Section 32(1),Personal data may be transferred to recipient states other than those referred to under section 31 if an adequate level of protection is ensured in the country of the recipient and the personal data is transferred solely to permit processing authorised to be undertaken by the controller.,REQ-032-1,Transfer solely to permit processing authorised to the controller,"Transfers under section 32(1) are limited to processing that the controller is itself authorised to undertake, and this limitation is documented and enforced.","Where you transfer data under section 32, is it only so the recipient can carry out processing you are yourself authorised to do?",A transfer cannot be used to have someone abroad do something you could not lawfully do yourself. This limit is easy to breach when a supplier offers an extra service.,Map the recipient processing operations back to the controller own authorised purposes. Reject any recipient activity that exceeds them.,A documented mapping of recipient processing to the controller authorised processing for each section 32 transfer.,YES_PARTIAL_NO,Implemented | Partially implemented | Not implemented | Not applicable | I do not know,true,CONDITIONAL,Do you transfer personal data to a country not assessed under section 31 as having an adequate legal framework?,CONTROLLER,RECOMMENDED_BY_DATAGUARD,Transfer Assessment | Data Sharing Agreement | Data Processing Register,MODERATE,ANNUAL,CROSS_BORDER_TRANSFER,HIGH,DataGuard default risk classification: High. Transfers that enable processing beyond the controller own authority breach both section 32(1) and the purpose limitation duties in sections 25 and 26.,Compare each recipient scope of processing against your own authorised purposes and narrow the contract where it exceeds them.,Map recipient processing to the controller authorised processing for section 32 transfers,HIGH,ACTIVE,1.0.0,ACT_EXPLICIT,NONE,
PDPA-032-002,Personal Data Protection Act,2022,V,Transborder Data Flow,32,Transfer of personal data to state without adequate data protection,32(2),(a)-(f),Section 32(2)(a)-(f),"The adequacy of the level of protection afforded by the relevant third country shall be assessed in the light of all the circumstances surrounding the transfer, the nature of the personal data, the purpose and duration of the proposed processing, the recipient country, the relevant laws in force in the third country, and the professional rules and security measures complied with in that country.",REQ-032-2,Adequacy assessment against the six statutory factors,Each destination country adequacy assessment addresses all six factors listed in section 32(2) and records the conclusion.,"Does your assessment of each destination country cover all six factors the Act lists, including the laws in force there and the security measures actually followed?","The Act enumerates the factors. An assessment that skips some of them is incomplete on the face of the section, whatever its conclusion.","Use an assessment template with one section per factor (a) to (f). Record the evidence considered, the conclusion and the date, and have the data protection officer approve it.","A completed six-factor assessment per destination country, approved and dated, reviewed at least annually.",YES_PARTIAL_NO,Implemented | Partially implemented | Not implemented | Not applicable | I do not know,true,CONDITIONAL,Do you transfer personal data outside Tanzania?,CONTROLLER,REQUIRED_BY_ACT,Transfer Assessment | Adequacy Assessment Template | External Counsel Advice | DPO Approval Record,STRONG,ANNUAL,CROSS_BORDER_TRANSFER,HIGH,"DataGuard default risk classification: High. The factors are enumerated in the Act, so an incomplete assessment is visibly deficient and cannot support the transfer.","Adopt a six-factor template and rework existing assessments against it, taking legal input on the third country laws factor.",Complete a six-factor adequacy assessment for each destination country,HIGH,ACTIVE,1.0.0,ACT_EXPLICIT,NONE,"DataGuard must not pre-populate conclusions for any country. Factor (e), the relevant laws in force in the third country, generally requires legal input."
PDPA-032-003,Personal Data Protection Act,2022,V,Transborder Data Flow,32,Transfer of personal data to state without adequate data protection,32(3),,Section 32(3) read with section 64(2)(k),"The Minister shall, after consultation with the Commission and by regulations, specify categories of processing for which and the circumstances in which the transfer of personal data to countries outside the United Republic is not authorised.",REQ-032-3,Monitoring of prohibited transfer categories set by regulations,"The organisation monitors for regulations specifying categories of processing and circumstances in which transfers are not authorised, and checks its transfers against them.",Do you check whether regulations forbid transferring certain categories of data or in certain circumstances?,"Section 32(3) uses shall, so these regulations are contemplated rather than optional. When they arrive they may prohibit transfers you are currently making.","Add section 32(3) regulations to the regulatory monitoring list. When made, assess every entry in the transfer inventory against them.","A regulatory monitoring record covering section 32(3), with an assessment of the transfer inventory against any regulations in force.",YES_PARTIAL_NO,Implemented | Partially implemented | Not implemented | Not applicable | I do not know,true,CONDITIONAL,Do you transfer personal data outside Tanzania?,CONTROLLER,RECOMMENDED_BY_DATAGUARD,Regulatory Change Log | Transfer Inventory | Legal Assessment Note,MODERATE,ANNUAL,CROSS_BORDER_TRANSFER,MEDIUM,"DataGuard default risk classification: Medium. The obligation is contingent on regulations, but a prohibited transfer that continues unnoticed is a serious contravention.",Add section 32(3) and section 64(2)(k) to the regulatory monitoring list.,Monitor for regulations prohibiting categories of transborder transfer,MEDIUM,ACTIVE,1.0.0,ACT_EXPLICIT,REGULATORY_DETAIL_PENDING,REGULATORY_DETAIL_PENDING. The Act does not itself specify any prohibited category. DataGuard must not pre-populate one.
PDPA-032-004,Personal Data Protection Act,2022,V,Transborder Data Flow,32,Transfer of personal data to state without adequate data protection,32(4),(a)-(f),Section 32(4)(a)-(f),"A transfer to a country outside the United Republic or to a country without an adequate level of protection may take place where the data subject has consented to the proposed transfer; the transfer is necessary for the performance of a contract between the data subject and the controller or for pre-contractual measures taken at the data subject request; the transfer is necessary for the conclusion or performance of a contract between the controller and a third party in the interest of the data subject; the transfer is necessary or legally required on public interest grounds or for the institution, trial or defence of legal claims; the transfer is necessary to protect the legitimate interests of the data subject; or the transfer is made in accordance with the law and is intended to provide information to the public and is open for consultation.",REQ-032-4,Documented reliance on a section 32(4) transfer derogation,"Where a transfer relies on a derogation, the specific limb of section 32(4) is identified, justified and recorded before the transfer.","Where you transfer data to a country without adequate protection, have you recorded which specific legal exception allows it?",The derogations are specific and mostly narrow. Recording which one applies is what distinguishes a considered decision from an unexamined transfer.,"Record the limb, the justification, the approver and the date for each transfer relying on a derogation. Where consent is relied on, hold the consent record and confirm it covers the proposed transfer specifically.","A derogation register with limb, justification, approver and date for every transfer relying on section 32(4).",YES_PARTIAL_NO,Implemented | Partially implemented | Not implemented | Not applicable | I do not know,true,CONDITIONAL,Do you transfer personal data to a country that does not have an adequate level of protection?,CONTROLLER,REQUIRED_BY_ACT,Transfer Derogation Register | Consent Record | Contract | Legal Assessment Note,STRONG,ANNUAL,CROSS_BORDER_TRANSFER,HIGH,"DataGuard default risk classification: High. A transfer to an inadequate destination with no recorded derogation has no lawful basis, and the derogations cannot be reconstructed retrospectively with any credibility.","Create the derogation register, assess each existing transfer to an inadequate destination, and suspend any transfer with no available limb.",Record the section 32(4) derogation relied on for each transfer,HIGH,ACTIVE,1.0.0,ACT_EXPLICIT,NONE,
PDPA-032-005,Personal Data Protection Act,2022,V,Transborder Data Flow,32,Transfer of personal data to state without adequate data protection,32(5),,Section 32(5),"The Commission may authorise a transfer of personal data to a country which does not have an adequate level of protection if the data controller satisfies the Commission that there are adequate safeguards with respect to the protection of personal data, fundamental rights and freedoms of the data subject and the exercise of the data subject rights, and that such safeguards can be appropriated through adequate legal and security measures and contractual clauses in particular.",REQ-032-5,Commission authorisation on the basis of adequate safeguards,"Where a transfer to an inadequate destination proceeds on the basis of safeguards, the organisation has satisfied the Commission and holds the authorisation.","Where you rely on safeguards such as contract clauses to transfer data to a country without adequate protection, have you obtained the Commission authorisation?","On the wording of section 32(5) the safeguards route runs through the Commission. Putting contractual clauses in place is the evidence you present, not the authorisation itself.","Assemble the safeguards package - contractual clauses, security measures, and how data subject rights will be exercised - and apply to the Commission. Retain the authorisation and the conditions attached to it.","A Commission authorisation on file for each transfer relying on the safeguards route, with the safeguards package retained.",YES_PARTIAL_NO,Implemented | Partially implemented | Not implemented | Not applicable | I do not know,true,CONDITIONAL,Do you rely on contractual clauses or other safeguards to transfer personal data to a country without adequate protection?,CONTROLLER,REQUIRED_BY_ACT,Commission Authorisation | Contractual Safeguards Package | Transfer Assessment | Security Measures Description,STRONG,ANNUAL,CROSS_BORDER_TRANSFER,CRITICAL,DataGuard default risk classification: Critical. Relying on safeguards without the Commission authorisation leaves an ongoing transfer to an inadequate destination with no lawful footing.,"Prepare the safeguards package and apply to the Commission, or move the transfer onto a section 32(4) derogation, or suspend it.",Obtain Commission authorisation for safeguards-based transfers,CRITICAL,ACTIVE,1.0.0,ACT_EXPLICIT,NONE,"OPEN_QUESTION: the Act does not prescribe the application procedure, the form of the safeguards, or the time within which the Commission must decide. It also does not publish approved standard contractual clauses."
PDPA-033-001,Personal Data Protection Act,2022,VI,Rights of Data Subjects,33,Right of access to personal data,33(1),(a),Section 33(1)(a),A data subject shall be entitled to be informed by any data controller whether his personal data are being processed by or on behalf of that data controller.,REQ-033-1A,Right of access - confirmation of processing,"On request, the organisation can confirm to an individual whether it processes their personal data, including processing carried out on its behalf.","If someone asks whether you hold or use their personal data, can you find out and tell them - including data held by your suppliers on your behalf?","This is the first step of the access right. Answering it requires being able to search across your systems and your processors, which many organisations cannot do quickly.","Define the request intake channel, identity verification, and the systems and processors to be searched. Keep a request log. Test the search end to end at least annually.","A documented access request procedure with a search map covering all systems and processors, and a request log.",YES_PARTIAL_NO,Implemented | Partially implemented | Not implemented | Not applicable | I do not know,true,UNIVERSAL,,CONTROLLER,REQUIRED_BY_ACT,Data Subject Rights Procedure | Rights Request Log | System Search Map | Processor Agreement,STRONG,QUARTERLY,DATA_SUBJECT_RIGHTS,HIGH,DataGuard default risk classification: High. Access is the most frequently exercised right and the most common subject of complaints to a regulator.,"Write the access procedure, map where personal data lives, and rehearse a request end to end.",Implement a data subject access request procedure,HIGH,ACTIVE,1.0.0,ACT_EXPLICIT,NONE,"OPEN_QUESTION: the Act does not prescribe a response time, a form of request, or any fee for access requests under section 33."
PDPA-033-002,Personal Data Protection Act,2022,VI,Rights of Data Subjects,33,Right of access to personal data,33(1),(b),Section 33(1)(b)(i)-(iii),"A data subject shall be entitled to be given a description of the personal data of which that individual is the data subject, the purposes for which they are being processed, and the recipients or classes of recipients to whom they are or may be disclosed.",REQ-033-1B,"Right of access - description of data, purposes and recipients","The organisation can provide a description of the personal data held about an individual, the purposes of processing, and the recipients or classes of recipients.","Can you tell someone what personal data you hold about them, why you use it, and who you share it with?","All three elements are required. The recipients element is the one most often missed, and it depends on having a disclosure register.",Use a response template covering all three elements. Draw the purposes from the processing register and the recipients from the disclosure register so the answer is consistent with your other records.,"A response template covering the three statutory elements, with completed responses retained.",YES_PARTIAL_NO,Implemented | Partially implemented | Not implemented | Not applicable | I do not know,true,UNIVERSAL,,CONTROLLER,REQUIRED_BY_ACT,Access Response Template | Rights Request Log | Data Processing Register | Disclosure Register,STRONG,QUARTERLY,DATA_SUBJECT_RIGHTS,HIGH,DataGuard default risk classification: High. An incomplete access response is itself a contravention and is easy for the Commission to verify against your own registers.,Build the response template and link it to the processing and disclosure registers.,"Create an access response template covering data, purposes and recipients",HIGH,ACTIVE,1.0.0,ACT_EXPLICIT,NONE,
PDPA-033-003,Personal Data Protection Act,2022,VI,Rights of Data Subjects,33,Right of access to personal data,33(1),(c),Section 33(1)(c),"Where processing by automatic means for the purpose of evaluating matters relating to the data subject has constituted or is likely to constitute the sole basis for any decision significantly affecting him, the data subject is entitled to be informed of the logic involved in that decision making.",REQ-033-1C,Disclosure of the logic involved in automated decision making,"Where an automated evaluation is or is likely to be the sole basis of a significant decision, the organisation can explain the logic involved to the data subject.","Where a computer alone makes or is likely to make a decision that significantly affects someone, can you explain to them how that decision is reached?",This obliges you to be able to describe how your model or rule set reaches a decision. Systems bought or built without that in mind cannot meet it later without rework.,"Inventory automated evaluation and scoring systems. For each, prepare a plain-language description of the logic. Note that the right attaches where such processing is likely to constitute the sole basis, not only where it already has.","A maintained inventory of automated decision systems, each with an approved plain-language logic description.",YES_PARTIAL_NO,Implemented | Partially implemented | Not implemented | Not applicable | I do not know,true,CONDITIONAL,"Do you use automated processing to evaluate people in a way that is, or could be, the sole basis of a decision significantly affecting them?",CONTROLLER,REQUIRED_BY_ACT,Automated Decision System Inventory | Model Logic Description | Access Response Template | Technical Design Document,STRONG,ANNUAL,AUTOMATED_DECISION_MAKING,HIGH,"DataGuard default risk classification: High. Automated evaluation carries significant potential for harm, and the inability to explain the logic is often structural rather than procedural.","Inventory automated evaluation systems and commission a plain-language logic description for each, starting with those affecting credit, employment or access to services.",Prepare plain-language logic descriptions for automated decision systems,HIGH,ACTIVE,1.0.0,ACT_EXPLICIT,NONE,OPEN_QUESTION: the Act does not define significantly affecting or specify the required depth of the logic description.
PDPA-033-004,Personal Data Protection Act,2022,VI,Rights of Data Subjects,33,Right of access to personal data,33(2),(a)-(c),Section 33(2)(a)-(c),"A data controller is not obliged to inform the data subject where the personal data are not accurate, are involved in any investigation in accordance with the laws, or have been prohibited by court order.",REQ-033-2,Documented reliance on access exceptions,"Where an access request is refused in reliance on section 33(2), the specific ground is identified and recorded.","Where you decline to give someone information about their data, have you recorded which of the three legal grounds applies?",The grounds are narrow and specific. Recording which one applies protects the decision if it is later challenged.,"Record the ground and the reasoning against the request log. For the investigation ground, record the investigation reference. For the court order ground, retain the order.","Every refused access request has a recorded ground, reasoning and supporting document where applicable.",YES_PARTIAL_NO,Implemented | Partially implemented | Not implemented | Not applicable | I do not know,true,CONDITIONAL,"Have you refused, or might you refuse, an access request?",CONTROLLER,RECOMMENDED_BY_DATAGUARD,Rights Request Log | Refusal Notice Template | Court Order | Legal Assessment Note,STRONG,ANNUAL,DATA_SUBJECT_RIGHTS,MEDIUM,"DataGuard default risk classification: Medium. The exceptions are lawful, so the risk is over-reliance on them without a recorded basis.",Add a ground field to the request log and require it for every refusal.,Record the section 33(2) ground for each refused access request,MEDIUM,ACTIVE,1.0.0,ACT_EXPLICIT,NONE,Section 33(2)(a) removes the obligation where the personal data are not accurate. INTERPRETATION: this ground is unusual and its scope is not elaborated in the Act. Take advice before relying on it.
PDPA-034-001,Personal Data Protection Act,2022,VI,Rights of Data Subjects,34,Right to prevent processing likely to affect data subject,34(1),,Section 34(1),"A data subject is entitled to require a data controller, through procedures prescribed in the regulations, to suspend or not to begin processing of any personal data in respect of which he is the data subject, if the processing is likely to cause substantial damage to him or to another person.",REQ-034-1,Right to prevent processing likely to cause substantial damage,"A procedure receives and assesses requests to suspend or not begin processing on substantial damage grounds, and can technically implement a suspension.","If someone asks you to stop or not start processing their data because it would cause them substantial damage, can you assess that and actually suspend the processing?","Suspension has to work in the systems, not just on paper. Many platforms can delete a record but cannot pause processing of it.","Define intake, assessment criteria and the decision maker, and confirm each relevant system can suspend rather than only delete. Record the decision and its reasons either way.",A documented procedure plus verified technical capability to suspend processing on a per-record basis.,YES_PARTIAL_NO,Implemented | Partially implemented | Not implemented | Not applicable | I do not know,true,UNIVERSAL,,CONTROLLER,REQUIRED_BY_ACT,Data Subject Rights Procedure | Rights Request Log | System Suspension Capability Evidence,STRONG,ANNUAL,DATA_SUBJECT_RIGHTS,HIGH,"DataGuard default risk classification: High. The right is engaged precisely where substantial damage is in prospect, so a failure here coincides with the greatest potential harm.",Add the right to the rights procedure and verify suspension capability in each system holding personal data.,"Implement the right to prevent processing, including technical suspension capability",HIGH,ACTIVE,1.0.0,ACT_EXPLICIT,REGULATORY_DETAIL_PENDING,"The procedure is to be prescribed by regulations. Section 34(2) provides that the right does not apply in the exceptions provided under the Act. OPEN_QUESTION: substantial damage is not defined, and section 34(2) does not identify which exceptions it refers to."
PDPA-035-001,Personal Data Protection Act,2022,VI,Rights of Data Subjects,35,Right to prevent processing of personal data for direct marketing purposes,35(1),,Section 35(1) and 35(3),"A data subject may, through the procedures prescribed in the regulations, require the data controller to stop processing his personal data for purposes of direct marketing. Direct marketing includes the communication by whatever means of any advertising or marketing material which is directed at an individual.",REQ-035-1,Right to stop direct marketing,"A working opt-out mechanism stops direct marketing to an individual on request, across all channels and all marketing systems.","If someone asks you to stop marketing to them, does that stop across every channel you use - email, SMS, phone, post and any other?",The definition covers advertising or marketing material by whatever means. An opt-out that only stops email leaves the obligation unmet.,"Maintain a suppression list that all marketing systems consult, including any run by agencies or partners. Test that an opt-out propagates within a defined internal period, and record opt-outs.","A central suppression list honoured by every marketing channel and by third party marketing partners, with propagation tested.",YES_PARTIAL_NO,Implemented | Partially implemented | Not implemented | Not applicable | I do not know,true,CONDITIONAL,Do you carry out direct marketing to individuals by any means?,CONTROLLER,REQUIRED_BY_ACT,Suppression List Configuration | Marketing Opt-out Log | Data Subject Rights Procedure | Agency Agreement,STRONG,QUARTERLY,DIRECT_MARKETING,HIGH,"DataGuard default risk classification: High. Failures are immediately visible to the individual, easily evidenced by them, and typically repeat with every campaign until fixed.","Consolidate suppression into a single list, connect every marketing system to it, and extend the obligation to agencies contractually.",Implement a cross-channel marketing suppression capability,HIGH,ACTIVE,1.0.0,ACT_EXPLICIT,REGULATORY_DETAIL_PENDING,The procedure is to be prescribed by regulations. OPEN_QUESTION: the Act sets no period within which marketing must cease after a request.
PDPA-035-002,Personal Data Protection Act,2022,VI,Rights of Data Subjects,35,Right to prevent processing of personal data for direct marketing purposes,35(2),,Section 35(2),A data subject may enter into agreement with a data controller for purposes of using or processing his personal data for pecuniary benefits.,REQ-035-2,Agreements for use of personal data for pecuniary benefit,"Where an individual agrees to their personal data being used for pecuniary benefit, that agreement is documented and its scope is respected.","Do you have any arrangements where people agree to let you use their personal data in return for a payment or benefit, and are those agreements documented?","The Act expressly contemplates these arrangements. They still have to respect the rest of the Act, including the marketing opt-out right in section 35(1).","Document the agreement, its scope and its duration. Confirm the arrangement does not override the individual ability to withdraw or to stop marketing, and take advice where the arrangement involves sensitive personal data.","Written agreements on file with defined scope and duration, and no conflict with other rights under the Act.",YES_PARTIAL_NO,Implemented | Partially implemented | Not implemented | Not applicable | I do not know,false,CONDITIONAL,Do you have arrangements where individuals receive payment or another benefit for the use of their personal data?,CONTROLLER,RECOMMENDED_BY_DATAGUARD,Data Use Agreement | Consent Record | Legal Assessment Note,MODERATE,ANNUAL,DIRECT_MARKETING,MEDIUM,"DataGuard default risk classification: Medium. The arrangement is expressly permitted, so the risk lies in undocumented scope or in the agreement being treated as overriding other rights.",Document existing arrangements and review them against the rest of the Act.,Document any agreements for use of personal data for pecuniary benefit,LOW,ACTIVE,1.0.0,ACT_EXPLICIT,NONE,OPEN_QUESTION: the Act does not set conditions or limits for these agreements beyond section 35(2) itself.
PDPA-036-001,Personal Data Protection Act,2022,VI,Rights of Data Subjects,36,Rights in relation to automated decision making,36(1),,Section 36(1),"A data subject may, through the procedures prescribed in the regulations, require the data controller to ensure that any decision taken by or on behalf of the data controller which significantly affects the data subject shall not be based solely on the processing by automatic means.",REQ-036-1,Right to require human involvement in significant decisions,"On request, the organisation can ensure that a decision significantly affecting the individual is not based solely on automated processing.","If someone asks that a significant decision about them is not made by computer alone, can you arrange for a person to be involved?","Meeting this request requires a real human review path, with someone who has the authority and information to reach a different outcome.","Identify decisions that are solely automated and significant. Establish a human review path with a named reviewer able to change the outcome, and record each review.","A documented human review path for each solely automated significant decision, with reviews logged.",YES_PARTIAL_NO,Implemented | Partially implemented | Not implemented | Not applicable | I do not know,true,CONDITIONAL,Do you make decisions that significantly affect people based solely on automated processing?,CONTROLLER,REQUIRED_BY_ACT,Automated Decision System Inventory | Human Review Procedure | Review Decision Log,STRONG,ANNUAL,AUTOMATED_DECISION_MAKING,HIGH,"DataGuard default risk classification: High. Solely automated significant decisions concentrate potential harm, and a review path that cannot change the outcome is not a review path.",Inventory solely automated significant decisions and build a genuine human review path for each.,Establish a human review path for solely automated significant decisions,HIGH,ACTIVE,1.0.0,ACT_EXPLICIT,REGULATORY_DETAIL_PENDING,The procedure for exercising the right is to be prescribed by regulations.
PDPA-036-002,Personal Data Protection Act,2022,VI,Rights of Data Subjects,36,Rights in relation to automated decision making,36(2),(a),Section 36(2)(a),"Where a decision which significantly affects a data subject is based solely on automated processing, the data controller shall, as soon as practicable, notify the data subject that the decision was taken on that basis.",REQ-036-2,Proactive notification of solely automated decisions,"Where a significant decision is based solely on automated processing, the individual is notified of that fact as soon as practicable, without waiting to be asked.","When a computer alone makes a significant decision about someone, do you tell them that is how the decision was made?","This duty is proactive. Unlike the other rights in Part VI it is not triggered by a request, so it must be built into the decision process itself.","Add the notification to the decision output - the letter, email or portal message. Retain evidence that it was sent.","Notification text embedded in every solely automated significant decision output, with dispatch evidence retained.",YES_PARTIAL_NO,Implemented | Partially implemented | Not implemented | Not applicable | I do not know,true,CONDITIONAL,Do you make decisions that significantly affect people based solely on automated processing?,CONTROLLER,REQUIRED_BY_ACT,Decision Notification Template | Sent Notification Records | Automated Decision System Inventory,STRONG,ANNUAL,AUTOMATED_DECISION_MAKING,HIGH,"DataGuard default risk classification: High. This is a proactive duty that operates on every affected decision, so a gap is systematic rather than occasional.",Add the notification into the decision output templates and confirm dispatch is logged.,Add automated decision notification to decision output templates,HIGH,ACTIVE,1.0.0,ACT_EXPLICIT,NONE,OPEN_QUESTION: as soon as practicable is not defined in the Act.
PDPA-036-003,Personal Data Protection Act,2022,VI,Rights of Data Subjects,36,Rights in relation to automated decision making,36(2),(b),Section 36(2)(b),The data subject may require the data controller to reconsider a decision which significantly affects him and which is based solely on automated processing.,REQ-036-2,Reconsideration of a solely automated decision on request,"A procedure allows a data subject to require reconsideration of a solely automated significant decision, and reconsiderations are carried out and recorded.","If someone asks you to reconsider a decision that was made by computer alone, do you have a process to do that and record the outcome?",Reconsideration must be capable of producing a different answer. A rerun of the same model is not a reconsideration.,"Define who reconsiders, what information they see, the outcome options, and how the result is communicated. Log each reconsideration and its outcome.","A reconsideration procedure with a log recording each request, reviewer, outcome and date.",YES_PARTIAL_NO,Implemented | Partially implemented | Not implemented | Not applicable | I do not know,true,CONDITIONAL,Do you make decisions that significantly affect people based solely on automated processing?,CONTROLLER,REQUIRED_BY_ACT,Reconsideration Procedure | Reconsideration Log | Rights Request Log,STRONG,ANNUAL,AUTOMATED_DECISION_MAKING,HIGH,"DataGuard default risk classification: High. Reconsideration is the individual practical remedy against an automated decision, and its absence leaves them with only a complaint to the Commission.","Write the reconsideration procedure, name the reviewers, and start the log.",Implement a reconsideration process for automated decisions,HIGH,ACTIVE,1.0.0,ACT_EXPLICIT,NONE,OPEN_QUESTION: the Act does not state what reconsideration must involve or within what period it must be completed.
PDPA-036-004,Personal Data Protection Act,2022,VI,Rights of Data Subjects,36,Rights in relation to automated decision making,36(3),(a)-(c),Section 36(3)(a)-(c),"Section 36 shall not apply if the decision is necessary for entering into, or performance of, a contract between the data subject and a data controller; is authorised by any written law; or is based on the data subject explicit consent.",REQ-036-3,Documented reliance on automated decision exceptions,"Where section 36 is treated as inapplicable, the specific exception is identified and recorded per decision type.","Where you treat the automated decision rules as not applying, have you recorded which of the three exceptions you rely on?",Two of the exceptions - contractual necessity and explicit consent - are frequently asserted and rarely documented. The record is what makes the position defensible.,"Record the exception per decision type with a justification. Where explicit consent is relied on, hold the consent record and confirm it covers automated decision making specifically.","An exception record per automated decision type, with supporting consent or contract evidence.",YES_PARTIAL_NO,Implemented | Partially implemented | Not implemented | Not applicable | I do not know,true,CONDITIONAL,Do you make decisions that significantly affect people based solely on automated processing?,CONTROLLER,RECOMMENDED_BY_DATAGUARD,Automated Decision System Inventory | Consent Record | Contract | Legal Assessment Note,MODERATE,ANNUAL,AUTOMATED_DECISION_MAKING,MEDIUM,"DataGuard default risk classification: Medium. The exceptions are lawful, so the risk is asserting one without analysis rather than the exception itself.",Document the exception relied on for each automated decision type and verify the supporting evidence exists.,Record the section 36(3) exception relied on for each automated decision type,MEDIUM,ACTIVE,1.0.0,ACT_EXPLICIT,NONE,"Note that section 36(3) disapplies section 36 as a whole, including the notification duty in section 36(2)(a). The section 33(1)(c) right to be informed of the logic involved is in a different section and is not disapplied by section 36(3)."
PDPA-037-001,Personal Data Protection Act,2022,VI,Rights of Data Subjects,37,Right to compensation,37(1),,Sections 37(1) and 37(2),"A data subject who suffers damage by reason of any contravention of any of the requirements of this Act by a data controller or data processor shall be entitled to compensation from the data controller or data processor for that damage, where the complainant is the affected data subject or a representative of a data subject who is a child or a person of unsound mind, the rights have been infringed by reason of the contravention, and the damage relates to processing in contravention of the Act.",REQ-037-1,Handling of compensation claims from data subjects,"A defined process receives, assesses and responds to claims for compensation for damage caused by a contravention of the Act.","If someone claims they have been harmed by the way you handled their data and asks for compensation, do you have a process to assess and respond to that?",Compensation claims can be brought directly and may also come through the Commission under section 50. Handling the first one without a process usually goes badly.,"Define intake, legal assessment, escalation and record keeping. Preserve evidence relating to the alleged contravention as soon as a claim arrives. Notify insurers where relevant.",A documented claims handling procedure with a claims register and defined evidence preservation steps.,YES_PARTIAL_NO,Implemented | Partially implemented | Not implemented | Not applicable | I do not know,true,UNIVERSAL,,CONTROLLER_AND_PROCESSOR,RECOMMENDED_BY_DATAGUARD,Claims Handling Procedure | Claims Register | Incident Response Procedure | Legal Assessment Note,MODERATE,ANNUAL,ENFORCEMENT,MEDIUM,DataGuard default risk classification: Medium. The exposure is real but reactive. The primary defence is compliance with the substantive controls rather than the claims process itself.,Write the claims handling procedure and agree the escalation path with legal and finance.,Establish a procedure for handling data subject compensation claims,MEDIUM,ACTIVE,1.0.0,ACT_EXPLICIT,NONE,Section 50(4) defines damage as including financial loss and damage not involving financial loss. Section 50(3) provides a defence where the controller or processor proves it was not in any way responsible for the event that caused the damage.
PDPA-037-002,Personal Data Protection Act,2022,VI,Rights of Data Subjects,37,Right to compensation,37(3),,Section 37(3),"Where the Commission is satisfied that a data subject has suffered damage entitling him to compensation and that there is a substantial risk of further contravention, the Commission may order the rectification, blocking, erasure or destruction of any of the personal data.",REQ-037-3,"Capability to execute a Commission rectification, blocking, erasure or destruction order","The organisation can technically and procedurally execute an order to rectify, block, erase or destroy specified personal data, and evidence that it has done so.","If the Commission ordered you to correct, block, erase or destroy specific personal data, could you do it across all your systems and prove it?","Blocking in particular is a capability most systems lack. An order arrives with a deadline, which is the wrong moment to discover the gap.","Verify each system can rectify, block, erase and destroy at record level, including archives, backups and copies held by processors. Define how execution is evidenced. Sequence any erasure against the section 29(2) preservation duty.","Verified rectify, block, erase and destroy capability across all systems holding personal data, with an evidencing method defined.",YES_PARTIAL_NO,Implemented | Partially implemented | Not implemented | Not applicable | I do not know,true,UNIVERSAL,,CONTROLLER_AND_PROCESSOR,RECOMMENDED_BY_DATAGUARD,System Capability Assessment | Order Execution Log | Processor Agreement | Technical Design Document,STRONG,ANNUAL,ENFORCEMENT,HIGH,"DataGuard default risk classification: High. An order carries a deadline, and inability to comply escalates directly into the enforcement and penalty regime in sections 45 to 47.","Assess each system for the four capabilities and remediate gaps, prioritising blocking, which is most often missing.","Verify rectify, block, erase and destroy capability across all systems",HIGH,ACTIVE,1.0.0,ACT_EXPLICIT,NONE,
PDPA-037-003,Personal Data Protection Act,2022,VI,Rights of Data Subjects,37,Right to compensation,37(4),,Sections 37(4) and 37(5),"The Commission may, where it makes an order under subsection (3) and where it considers it reasonable, order the data controller or data processor to notify third parties to whom the personal data have been disclosed of the rectification, blocking, erasure or destruction. In determining whether it is reasonably practicable to require the notification, the Commission shall have regard in particular to the number of persons who need to be notified.",REQ-037-4,Ability to notify third party recipients following a Commission order,"The organisation can identify and notify the third parties to whom affected personal data was disclosed, when ordered to do so.","Could you identify and contact everyone you have shared a person data with, if the Commission ordered you to tell them about a correction or deletion?","This depends entirely on the disclosure register. Without a record of who received what, the order cannot be complied with at all.",Keep the disclosure register at a level of detail that allows recipients to be identified per data subject. Hold current contact details for each recipient and prepare a notification template.,"A disclosure register that supports per-data-subject recipient identification, with recipient contacts current.",YES_PARTIAL_NO,Implemented | Partially implemented | Not implemented | Not applicable | I do not know,true,UNIVERSAL,,CONTROLLER_AND_PROCESSOR,RECOMMENDED_BY_DATAGUARD,Disclosure Register | Recipient Contact List | Notification Template | Order Execution Log,MODERATE,ANNUAL,ENFORCEMENT,MEDIUM,"DataGuard default risk classification: Medium. The duty is contingent on a Commission order, but the underlying record keeping must be in place well before one arrives.","Enrich the disclosure register so recipients can be traced per data subject, and keep recipient contacts current.",Ensure the disclosure register supports per-data-subject recipient notification,MEDIUM,ACTIVE,1.0.0,ACT_EXPLICIT,NONE,
PDPA-038-001,Personal Data Protection Act,2022,VI,Rights of Data Subjects,38,"Rectification, blocking, erasure and destruction of personal data",38(1),,Sections 38(1) and 38(2),"Where the Commission is satisfied on the application of a data subject that his personal data is inaccurate, the Commission may order the data controller or data processor to rectify, block, erase or destroy the personal data. This applies whether or not the personal data is an accurate record of information received or obtained by the data controller from the data subject or a third party.",REQ-038-1,Compliance with a Commission order on inaccurate personal data,"The organisation can comply with a Commission order to rectify, block, erase or destroy inaccurate personal data, including data accurately recorded from a third party source.","If the Commission ordered you to correct or remove inaccurate personal data, could you comply - even where you recorded it accurately from someone else?",Section 38(2) is explicit: it does not matter that you faithfully recorded what a third party told you. Accurate transcription of wrong information is still inaccurate personal data.,Confirm you can correct data originating from third party sources without the correction being overwritten at the next data refresh. Record the order and the action taken.,"Verified ability to correct third party sourced data durably, with an order execution log.",YES_PARTIAL_NO,Implemented | Partially implemented | Not implemented | Not applicable | I do not know,true,UNIVERSAL,,CONTROLLER_AND_PROCESSOR,RECOMMENDED_BY_DATAGUARD,Order Execution Log | System Capability Assessment | Data Source Register | Rectification Log,STRONG,ANNUAL,ENFORCEMENT,HIGH,DataGuard default risk classification: High. Failing to comply with a Commission order leads directly to enforcement under section 45 and a penalty notice under section 46.,Test correction of third party sourced records and confirm the correction survives the next data refresh.,Verify durable correction of third party sourced personal data,HIGH,ACTIVE,1.0.0,ACT_EXPLICIT,NONE,
PDPA-038-002,Personal Data Protection Act,2022,VI,Rights of Data Subjects,38,"Rectification, blocking, erasure and destruction of personal data",38(3),,Section 38(3),"Where the personal data is not an accurate record of the information, the Commission may direct the data controller or processor to correct the personal data as it considers appropriate.",REQ-038-3,Compliance with a Commission direction to correct personal data,The organisation can implement a correction in the specific terms directed by the Commission and evidence that it has done so.,"If the Commission directed you to correct data in a particular way, could you carry that out exactly and show that you did?",A direction may specify the correction in particular terms. Implementing something approximate is not compliance.,"Record the direction, the correction implemented, the date and the person responsible. Preserve the pre-amendment record in accordance with section 29(2).",An order execution log linking each direction to the correction made and to the preserved prior version.,YES_PARTIAL_NO,Implemented | Partially implemented | Not implemented | Not applicable | I do not know,true,UNIVERSAL,,CONTROLLER_AND_PROCESSOR,RECOMMENDED_BY_DATAGUARD,Order Execution Log | Rectification Log | System Version History Configuration,STRONG,ANNUAL,ENFORCEMENT,HIGH,DataGuard default risk classification: High. Non-compliance with a direction escalates to an enforcement notice and then to a penalty notice.,Establish an order execution log and link it to the correction and version history processes.,Establish an execution log for Commission directions and orders,HIGH,ACTIVE,1.0.0,ACT_EXPLICIT,NONE,
PDPA-038-003,Personal Data Protection Act,2022,VI,Rights of Data Subjects,38,"Rectification, blocking, erasure and destruction of personal data",38(4),,Section 38(4),"Where the personal data complained of has been rectified, blocked, updated, erased or destroyed under this section, the data controller or data processor shall be required to notify third parties to whom the personal data has been previously disclosed of the rectification, blocking, updating, erasure or destruction.",REQ-038-4,Notification of third parties after action under section 38,"After personal data is rectified, blocked, updated, erased or destroyed under section 38, third parties previously given the data are notified.","After you correct or remove data under a Commission order, do you tell everyone you previously shared that data with?","Unlike section 37(4), this duty is not expressed as contingent on a further Commission order - section 38(4) states that the controller or processor shall be required to notify.",Trigger third party notification automatically as part of the section 38 execution process. Use the disclosure register to identify recipients and retain proof of notification.,"Third party notification built into the section 38 execution process, with dispatch evidence retained.",YES_PARTIAL_NO,Implemented | Partially implemented | Not implemented | Not applicable | I do not know,true,UNIVERSAL,,CONTROLLER_AND_PROCESSOR,REQUIRED_BY_ACT,Disclosure Register | Third Party Notification Records | Order Execution Log | Notification Template,STRONG,ANNUAL,ENFORCEMENT,HIGH,"DataGuard default risk classification: High. This duty is expressed in mandatory terms and is a second, separate contravention if missed after an order has already been made.",Add a mandatory notification step to the order execution process and pre-draft the notification template.,Build third party notification into the section 38 execution process,HIGH,ACTIVE,1.0.0,ACT_EXPLICIT,NONE,"INTERPRETATION: section 38(4) is drafted in mandatory terms (shall be required to notify) and does not on its face require a further order, in contrast to section 37(4). Take advice if relying on the narrower reading."
PDPA-039-001,Personal Data Protection Act,2022,VII,Investigation of Complaints,39,Complaints against violation of personal data protection principles,39(1),,Section 39(1) and 39(3),Any person who considers that a data controller or data processor has infringed personal data protection principles may file a complaint to the Commission. A complaint shall be investigated and concluded within ninety days from the date of receipt.,REQ-039-1,Internal complaint handling and readiness for Commission complaints,"An internal channel receives and resolves data protection complaints, and the organisation is prepared to respond to a complaint escalated to the Commission.","Do you have a way for people to complain to you about how you handle their data, and are you ready to respond if they complain to the Commission instead?",Most complaints to a regulator start as complaints to the organisation that went unanswered. A working internal channel is the cheapest form of enforcement risk reduction.,"Publish a complaint channel, log complaints with outcomes, and define who leads the response if the Commission opens an investigation. The Commission timeline is ninety days, extendable by up to a further ninety.","A published complaint channel, a complaint log with outcomes, and a named regulatory response lead.",YES_PARTIAL_NO,Implemented | Partially implemented | Not implemented | Not applicable | I do not know,true,UNIVERSAL,,CONTROLLER_AND_PROCESSOR,RECOMMENDED_BY_DATAGUARD,Complaints Procedure | Complaint Log | Privacy Notice | Regulatory Response Plan,MODERATE,QUARTERLY,ENFORCEMENT,MEDIUM,"DataGuard default risk classification: Medium. The Act imposes no express internal complaints duty, but unresolved complaints are the main route into a section 39 investigation.","Publish the complaint channel, start the log, and name the regulatory response lead.",Establish an internal data protection complaints channel and log,MEDIUM,ACTIVE,1.0.0,ACT_DERIVED,NONE,"ACT_DERIVED. Section 39 confers a right to complain to the Commission and sets the Commission timeline. It imposes no express obligation to operate an internal complaints channel; DataGuard treats that as derived good practice, not a statutory duty."
PDPA-040-001,Personal Data Protection Act,2022,VII,Investigation of Complaints,40,Notice of investigation,,,Section 40,"Before commencing an investigation of a complaint, the Commission shall notify the data controller or data processor concerned of the substance of the complaint and its intention to carry out the investigation, in a form prescribed in the regulations.",REQ-040-1,Handling of a notice of investigation,"A defined process receives a notice of investigation from the Commission, routes it immediately to the accountable owner, and starts evidence preservation.","If a notice of investigation arrived from the Commission today, do you know who would receive it, who would own the response, and what would be preserved?",The notice tells you the substance of the complaint before the investigation starts. That window is only useful if the notice reaches the right person immediately.,"Name the recipient and the response owner, define an internal acknowledgement time, and trigger a litigation-style hold on relevant records the moment a notice arrives.","A documented regulatory notice handling procedure naming the recipient, the owner and the preservation steps.",YES_PARTIAL_NO,Implemented | Partially implemented | Not implemented | Not applicable | I do not know,true,UNIVERSAL,,CONTROLLER_AND_PROCESSOR,RECOMMENDED_BY_DATAGUARD,Regulatory Response Plan | Escalation Matrix | Evidence Preservation Procedure,MODERATE,ANNUAL,ENFORCEMENT,MEDIUM,DataGuard default risk classification: Medium. Poor handling wastes the notice period and can lead to loss of records that would have supported the organisation position.,"Write the regulatory notice handling procedure and communicate it to reception, legal and IT.",Define a handling procedure for Commission notices of investigation,MEDIUM,ACTIVE,1.0.0,ACT_DERIVED,REGULATORY_DETAIL_PENDING,ACT_DERIVED. Section 40 imposes the duty on the Commission. The internal handling procedure is DataGuard implementation practice. The form of the notice is left to the regulations.
PDPA-042-001,Personal Data Protection Act,2022,VII,Investigation of Complaints,42,Powers of Commission in carrying out investigations,42(1),(a)-(e),Section 42(1)(a)-(e) and 42(2),"In the course of an investigation the Commission may summon a person, receive evidence, enter premises occupied by a data controller or data processor, interrogate any person or take any device with personal data in such premises, and examine or obtain copies of books, documents or records found there. The complainant and the controller or processor may be given an opportunity to make representations.",REQ-042-1,Cooperation with Commission investigation powers,"Staff know how to respond when the Commission exercises its investigation powers, including attendance at premises, and the organisation can make representations.","Would your staff know what to do if officers from the Commission arrived to inspect your premises, records or devices?","The powers include entry, interrogation and taking devices. Section 43 makes obstruction a criminal offence, and an untrained receptionist can create one by accident.","Write a short regulatory visit protocol: verify identity and authority, notify legal and the data protection officer immediately, cooperate, log what is taken, and do not obstruct. Brief front-of-house and IT staff. Prepare to make representations under section 42(2).","A regulatory visit protocol issued and briefed to front-of-house, IT and management staff.",YES_PARTIAL_NO,Implemented | Partially implemented | Not implemented | Not applicable | I do not know,true,UNIVERSAL,,CONTROLLER_AND_PROCESSOR,RECOMMENDED_BY_DATAGUARD,Regulatory Visit Protocol | Training Records | Regulatory Response Plan,MODERATE,ANNUAL,ENFORCEMENT,HIGH,"DataGuard default risk classification: High. An untrained response can create a section 43 obstruction offence, which is a criminal matter distinct from the underlying complaint.","Write and brief the regulatory visit protocol, focusing on reception and IT.",Issue and brief a Commission regulatory visit protocol,HIGH,ACTIVE,1.0.0,ACT_DERIVED,NONE,ACT_DERIVED. Section 42 confers powers on the Commission. The duty not to obstruct arises under section 43. Section 42(4) requires the Commission to return documents or articles within ten working days of a request.
PDPA-042-002,Personal Data Protection Act,2022,VII,Investigation of Complaints,42,Powers of Commission in carrying out investigations,42(3),,Section 42(3),"Notwithstanding any other written law, the Commission may examine any personal data recorded in any form held by a data controller or data processor and in doing so, no personal data shall be withheld from the Commission.",REQ-042-3,No personal data withheld from the Commission,"The organisation understands that no personal data may be withheld from the Commission during an examination, notwithstanding other written laws, and its staff and advisers act accordingly.","Do the people who would handle a Commission examination understand that personal data cannot be withheld from it, even where another law might otherwise suggest confidentiality?","The provision overrides other written laws in this respect. Withholding data in good faith reliance on a confidentiality obligation would still be a failure, and may amount to obstruction under section 43.","State the position clearly in the regulatory visit protocol. Where a genuine conflict with another law or with privilege is asserted, escalate to counsel immediately rather than withholding unilaterally.",The regulatory visit protocol records the position and the escalation route for any asserted conflict.,YES_NO,Yes | No | Not applicable | I do not know,true,UNIVERSAL,,CONTROLLER_AND_PROCESSOR,RECOMMENDED_BY_DATAGUARD,Regulatory Visit Protocol | Legal Assessment Note | Training Records,MODERATE,ANNUAL,ENFORCEMENT,MEDIUM,"DataGuard default risk classification: Medium. The exposure arises only during an examination, but a refusal in the moment can convert a civil matter into a section 43 offence.",Add the section 42(3) position and the escalation route to the regulatory visit protocol.,Record the section 42(3) position in the regulatory visit protocol,MEDIUM,ACTIVE,1.0.0,ACT_EXPLICIT,NONE,OPEN_QUESTION: the Act does not address how section 42(3) interacts with legal professional privilege. Take advice rather than deciding this in the moment.
PDPA-043-001,Personal Data Protection Act,2022,VII,Investigation of Complaints,43,Obstruction of Commission,,(a)-(d),Section 43(a)-(d),"A person who obstructs or impedes the Commission in the exercise of its powers, fails to provide assistance or information requested by the Commission, refuses to allow the Commission to enter any premises or to take any document or device with personal data, or gives to the Commission any information which is false or misleading, commits an offence.",REQ-043-1,Non-obstruction of the Commission,"The organisation does not obstruct or impede the Commission, provides requested assistance and information, permits lawful entry, and gives accurate information.","Are your people instructed to cooperate fully with the Commission, allow lawful entry, and never give it information that is false or misleading?","Each of the four limbs is a criminal offence carrying a fine of up to five million shillings or up to two years imprisonment, or both - independent of the original complaint.","Set the cooperation expectation in policy and in the regulatory visit protocol. Require accuracy checks before any information is submitted to the Commission, and record what was provided and when.","A cooperation policy, verification of submissions before dispatch, and a record of information provided to the Commission.",YES_NO,Yes | No | Not applicable | I do not know,true,UNIVERSAL,,CONTROLLER_AND_PROCESSOR,RECOMMENDED_BY_DATAGUARD,Regulatory Visit Protocol | Data Protection Policy | Submission Review Record | Training Records,MODERATE,ANNUAL,ENFORCEMENT,HIGH,"DataGuard default risk classification: High. Section 43 creates a criminal offence with an express penalty, and it can be committed by an individual employee acting without instruction.","Issue the cooperation policy, brief staff, and introduce a review step before any submission to the Commission.",Issue a Commission cooperation policy and brief relevant staff,HIGH,ACTIVE,1.0.0,ACT_EXPLICIT,NONE,"Section 43 provides a fine of not less than TZS 100,000 and not exceeding TZS 5,000,000, or imprisonment for not more than two years, or both. This penalty applies to section 43 specifically."
PDPA-045-001,Personal Data Protection Act,2022,VII,Investigation of Complaints,45,Enforcement notice,45(1),,Sections 45(1) and 45(2),"Where the Commission is satisfied that a person has failed to comply with any provision of this Act, it may serve an enforcement notice requiring that person to rectify the failure within the period specified in the notice. The notice shall specify the provision contravened, the measures to be taken, a period of not less than twenty-one days within which the measures shall be implemented, and shall state any right to appeal.",REQ-045-1,Compliance with an enforcement notice within the specified period,"A process tracks enforcement notices, implements the specified measures within the stated period, and evidences completion.","If you received an enforcement notice, could you implement the required measures within the period given and prove you had done so?","The minimum period is twenty-one days. Failure to comply is what triggers a penalty notice under section 46, so this is the last off-ramp before a fine.","Log the notice, the provision cited, the measures required and the deadline. Assign an executive owner, track to completion, and write to the Commission with evidence before the deadline. Note the notice must state any right to appeal - see PDPA-049-001.","An enforcement notice register with owner, deadline, evidence of completion and confirmation sent to the Commission.",YES_PARTIAL_NO,Implemented | Partially implemented | Not implemented | Not applicable | I do not know,true,UNIVERSAL,,CONTROLLER_AND_PROCESSOR,RECOMMENDED_BY_DATAGUARD,Enforcement Notice Register | Remediation Plan | Completion Evidence | Commission Correspondence,STRONG,ANNUAL,ENFORCEMENT,CRITICAL,DataGuard default risk classification: Critical. Non-compliance with an enforcement notice is the express precondition for a penalty notice under section 46 and moves the matter from remediable to punitive.,Create the enforcement notice register and agree the executive escalation path before any notice arrives.,Establish an enforcement notice tracking and remediation process,CRITICAL,ACTIVE,1.0.0,ACT_EXPLICIT,NONE,The period specified in the notice shall not be less than twenty-one days. The Act does not set a maximum.
PDPA-046-001,Personal Data Protection Act,2022,VII,Investigation of Complaints,46,Notice of penalty,46(2),(a)-(k),Section 46(2)(a)-(k),"In deciding whether to give a penalty notice and determining the amount, the Commission shall have regard to the nature, gravity and duration of the failure; its intentional or negligent character; action taken to mitigate damage including technical and organisational measures; previous failures; the degree of cooperation with the Commission; the categories of personal data affected; the manner in which the failure became known including whether the controller or processor notified the Commission; compliance with previous notices; adherence to codes of ethics or terms of registration; whether the penalty would be effective; and any other aggravating or mitigating factor including financial benefits gained or losses suffered.",REQ-046-1,Readiness to evidence the section 46(2) mitigating factors,The organisation maintains records that would evidence the mitigating factors the Commission must weigh when deciding on and setting a penalty.,"If the Commission were deciding whether to fine you, could you produce evidence of your safeguards, your cooperation, your self-reporting and your code of ethics?","The eleven factors are set out in the Act, and several of them are things you either recorded at the time or cannot show at all - self-notification, cooperation, and mitigation measures in particular.","Map the factors to existing records: safeguards to the security programme, mitigation to the incident log, self-notification to the breach notification log, cooperation to Commission correspondence, and adherence to the section 65 code of ethics. Keep them retrievable together.","A mapping of the section 46(2) factors to retrievable evidence, reviewed annually.",YES_PARTIAL_NO,Implemented | Partially implemented | Not implemented | Not applicable | I do not know,false,UNIVERSAL,,CONTROLLER_AND_PROCESSOR,RECOMMENDED_BY_DATAGUARD,Incident Log | Breach Notification Log | Commission Correspondence | Code of Ethics | Security Policy,MODERATE,ANNUAL,ENFORCEMENT,MEDIUM,"DataGuard default risk classification: Medium. This does not prevent a contravention, but it materially affects the outcome. It is not itself a statutory duty.",Map the eleven factors to your existing evidence and close the gaps in record keeping.,Map the section 46(2) penalty factors to retrievable evidence,MEDIUM,ACTIVE,1.0.0,ACT_DERIVED,NONE,"ACT_DERIVED. Section 46(2) directs the Commission, not the organisation. DataGuard must not convert these factors into a compliance score or represent evidence readiness as reducing any legal liability."
PDPA-047-001,Personal Data Protection Act,2022,VII,Investigation of Complaints,47,Administrative fines,,,Section 47,The maximum amount of the penalty that may be imposed by the Commission in a penalty notice in relation to contravention of provisions of this Act is one hundred million shillings.,REQ-047-1,Reference record - statutory ceiling on administrative fines,Reference record capturing the statutory maximum administrative penalty. It is not an assessable control and must not be used to score risk.,"Reference only - no response required. The maximum administrative penalty the Commission may impose in a penalty notice is TZS 100,000,000.","This is the statutory ceiling for administrative fines under section 47. It is not the penalty for any particular control, and it is separate from the criminal penalties in sections 43, 60, 61 and 63.","Use this record for reference in board reporting only. Do not attribute this figure to any individual control, and do not use it to derive risk scores.",Not applicable. This is a reference record.,TEXT,,false,UNIVERSAL,,CONTROLLER_AND_PROCESSOR,NOT_APPLICABLE,,NOT_APPLICABLE,ON_LEGISLATIVE_CHANGE,ENFORCEMENT,LOW,"DataGuard default risk classification: Low. This is a reference record, not a control. The Act does not attach this maximum to any specific provision.",None. Reference record only.,,NONE,REFERENCE,1.0.0,ACT_EXPLICIT,NONE,"Do not state that any individual control carries a TZS 100,000,000 penalty. Section 47 sets a ceiling for administrative penalty notices under section 46 and says nothing about which contraventions attract what amount."
PDPA-048-001,Personal Data Protection Act,2022,VII,Investigation of Complaints,48,Review of decision,,,Section 48,"The Commission may, upon application or on its own motion, review its decision or direction given in accordance with the provisions of this Part, and after review may reverse, alter or revoke it.",REQ-048-1,Use of the review of decision route,"The organisation knows it may apply to the Commission for review of a decision or direction, and who internally would prepare such an application.","Do you know that you can ask the Commission to review a decision or direction it has given, and who would prepare that request?","Review is often quicker and less costly than appealing to the High Court, but only if the option is known while the deadline for the alternative is still open.","Record the review route in the regulatory response plan alongside the section 49 appeal route, with a named owner and a decision point for choosing between them.",Review and appeal routes documented in the regulatory response plan with a named owner.,YES_PARTIAL_NO,Implemented | Partially implemented | Not implemented | Not applicable | I do not know,false,UNIVERSAL,,CONTROLLER_AND_PROCESSOR,RECOMMENDED_BY_DATAGUARD,Regulatory Response Plan | Escalation Matrix,WEAK,ANNUAL,ENFORCEMENT,LOW,"DataGuard default risk classification: Low. This is a remedy available to the organisation, not a duty imposed on it.",Add the review route to the regulatory response plan.,Document the section 48 review route in the regulatory response plan,LOW,ACTIVE,1.0.0,ACT_EXPLICIT,NONE,OPEN_QUESTION: the Act sets no time limit for applying for a review under section 48.
PDPA-049-001,Personal Data Protection Act,2022,VII,Investigation of Complaints,49,Right of appeal,,,Section 49,"A person who is aggrieved with the administrative action taken by the Commission, including the directions given in the enforcement notice or penalty imposed in the penalty notice, may appeal to the High Court.",REQ-049-1,Awareness and preparedness for appeal to the High Court,"The organisation knows that administrative action by the Commission may be appealed to the High Court, and has a route to instruct counsel promptly.","If you disagreed with an enforcement notice or a penalty, do you know that you can appeal to the High Court and who would instruct counsel?",An enforcement notice must state any right to appeal. Being ready to act on it quickly preserves options that a delayed response can close off.,Record the appeal route in the regulatory response plan with counsel contact details. Note that an enforcement notice under section 45(2)(d) must state any right to appeal.,The appeal route and counsel contacts are recorded in the regulatory response plan.,YES_PARTIAL_NO,Implemented | Partially implemented | Not implemented | Not applicable | I do not know,false,UNIVERSAL,,CONTROLLER_AND_PROCESSOR,RECOMMENDED_BY_DATAGUARD,Regulatory Response Plan | External Counsel Retainer | Escalation Matrix,WEAK,ANNUAL,ENFORCEMENT,LOW,"DataGuard default risk classification: Low. This is a right, not a duty. It is recorded so it is not lost through delay.",Add the section 49 appeal route and counsel contacts to the regulatory response plan.,Document the section 49 High Court appeal route,LOW,ACTIVE,1.0.0,ACT_EXPLICIT,NONE,OPEN_QUESTION: the Act does not state the period within which an appeal to the High Court must be lodged.
PDPA-050-001,Personal Data Protection Act,2022,VII,Investigation of Complaints,50,Payment of compensation,50(1),,Section 50(1),"Subject to the provisions of section 37, the Commission may, in addition to any penalty given under this Act, order a data controller or data processor who causes damages to the data subject following contraventions of any provisions of this Act to pay compensation to the data subject.",REQ-050-1,Compliance with a Commission compensation order,"The organisation can identify affected data subjects and make payment in compliance with a Commission compensation order, and records the outcome.","If the Commission ordered you to pay compensation to affected individuals, could you identify them, pay them and evidence that you had?",Compensation may be ordered in addition to a penalty. Identifying affected individuals depends on record keeping that has to exist before the order arrives.,Ensure incident records identify affected data subjects. Define the payment authorisation route with finance and confirm the position with insurers in advance.,"Incident records that identify affected data subjects, plus a defined compensation payment route.",YES_PARTIAL_NO,Implemented | Partially implemented | Not implemented | Not applicable | I do not know,true,UNIVERSAL,,CONTROLLER_AND_PROCESSOR,RECOMMENDED_BY_DATAGUARD,Incident Log | Claims Register | Payment Records | Insurance Policy,MODERATE,ANNUAL,ENFORCEMENT,MEDIUM,"DataGuard default risk classification: Medium. Compensation is ordered after a contravention has already been established, so the primary control is upstream compliance.",Ensure incident records capture affected data subjects and agree the compensation payment route with finance.,Ensure incident records identify affected data subjects for compensation purposes,MEDIUM,ACTIVE,1.0.0,ACT_EXPLICIT,NONE,Section 50(4) defines damage as including financial loss and damage not involving financial loss. Compensation under section 50 is in addition to any penalty.
PDPA-050-002,Personal Data Protection Act,2022,VII,Investigation of Complaints,50,Payment of compensation,50(2),(b),Sections 50(2)(b) and 50(3),"A data processor involved in processing of personal data shall be liable for damage caused by the processing if the processor has not complied with an obligation under the Act specifically directed to data processors, or has acted contrary to the data controller lawful instructions. A data controller or data processor shall not be liable if it proves that it is not in any way responsible for the event that caused the damage.",REQ-050-2,Processor compliance with controller lawful instructions,"Acting as a data processor, the organisation processes only on the controller documented lawful instructions and retains records evidencing that it did.","Where you process personal data for someone else, do you keep records showing you acted only on their lawful instructions?","Section 50(2)(b) makes processor liability turn on exactly this point, and section 50(3) allows a defence only where the processor proves it was not in any way responsible.","Keep documented instructions from each controller, log deviations and the authority for them, and record refusals of unlawful instructions. Identify the processor-specific duties in the Act, notably sections 5, 27(4) and 42(3).","A documented instruction record per controller engagement, with deviations and refusals logged.",YES_PARTIAL_NO,Implemented | Partially implemented | Not implemented | Not applicable | I do not know,true,ROLE_SPECIFIC,Do you process personal data on behalf of another organisation?,PROCESSOR,RECOMMENDED_BY_DATAGUARD,Documented Processing Instructions | Processor Agreement | Instruction Deviation Log,STRONG,ANNUAL,THIRD_PARTY,HIGH,"DataGuard default risk classification: High. This provision is the basis of direct processor liability for damage, and the evidence for it must be contemporaneous.",Collect and file documented instructions from each controller and start logging deviations.,Maintain documented controller instructions for all processor engagements,HIGH,ACTIVE,1.0.0,ACT_EXPLICIT,NONE,
PDPA-058-001,Personal Data Protection Act,2022,IX,Miscellaneous Provisions,58,Exceptions from application of provisions of this Act,58(2),(a)-(g),Section 58(2)(a)-(g) and 58(3),Processing may be exempted from the provisions of this Act where it is held by the data subject for his personal use; in accordance with any law or court order; for safeguarding national safety and security and public interest; to prevent or detect crimes; to detect or prevent tax evasion; for investigation of misappropriation of public funds; or for vetting for appointment to a public service position. The Minister may prescribe other instances.,REQ-058-2,Documented reliance on the section 58 exemptions,"Where the organisation treats processing as exempt, the specific section 58(2) limb is identified, justified and recorded, and the scope of the exemption is kept narrow.","Where you treat some processing as exempt from the Act, have you recorded exactly which exemption applies and why?","Exemptions attach to particular processing, not to whole organisations. Reading one broadly is a common and expensive mistake.","Record the limb, the processing it covers, the justification and the reviewer. Keep the boundary of the exempt processing explicit so that adjacent processing is not swept in. Take legal advice for the national security and public interest limbs.","An exemption register recording the limb, scope, justification, reviewer and date for each exempt processing activity.",YES_PARTIAL_NO,Implemented | Partially implemented | Not implemented | Not applicable | I do not know,true,CONDITIONAL,Do you treat any of your processing as exempt from the Act?,CONTROLLER_AND_PROCESSOR,RECOMMENDED_BY_DATAGUARD,Exemption Register | Legal Assessment Note | External Counsel Advice | Court Order,STRONG,ANNUAL,GOVERNANCE,HIGH,"DataGuard default risk classification: High. An over-broad exemption claim leaves substantial processing entirely uncontrolled, and the failure is systematic rather than incidental.","Build the exemption register, define the precise boundary of each exempt activity, and obtain legal review.",Record and scope every reliance on a section 58 exemption,HIGH,ACTIVE,1.0.0,ACT_EXPLICIT,REGULATORY_DETAIL_PENDING,"Section 58(3) allows the Minister to prescribe other exempt instances. OPEN_QUESTION: section 58(1) begins nothing under this section shall exempt, which sits awkwardly with section 58(2). The safer reading, reflected at PDPA-058-002, is that the principles and security duties continue to apply to exempt processing."
PDPA-058-002,Personal Data Protection Act,2022,IX,Miscellaneous Provisions,58,Exceptions from application of provisions of this Act,58(1),,Section 58(1),Nothing under this section shall exempt the data controller or the data processor from the responsibility of complying with the principles of the law in collection and processing of personal data and taking necessary measures to ensure protection and security of the personal data.,REQ-058-1,Principles and security duties continue to apply to exempt processing,Processing treated as exempt is still subject to the personal data protection principles and to security and protection measures.,"Where processing is exempt, do you still apply the data protection principles and keep the data secure?","Section 58(1) preserves the principles and the security duties. An exemption reduces the procedural obligations, not the duty to protect the data.",Apply the section 5 principles and the section 27 safeguards to exempt processing as well. Record that decision alongside the exemption entry so the two are never separated.,Exempt processing is included in the security programme and assessed against the section 5 principles.,YES_PARTIAL_NO,Implemented | Partially implemented | Not implemented | Not applicable | I do not know,true,CONDITIONAL,Do you treat any of your processing as exempt from the Act?,CONTROLLER_AND_PROCESSOR,RECOMMENDED_BY_DATAGUARD,Exemption Register | Security Policy | Risk Assessment | Data Protection Policy,MODERATE,ANNUAL,GOVERNANCE,HIGH,DataGuard default risk classification: High. Exempt processing that falls outside the security programme is often the least protected data in the organisation.,Bring exempt processing into the scope of the security programme and the principles assessment.,Apply the principles and security measures to exempt processing,HIGH,ACTIVE,1.0.0,ACT_EXPLICIT,NONE,
PDPA-059-001,Personal Data Protection Act,2022,IX,Miscellaneous Provisions,59,Preservation order,,,Section 59,The Commission may apply to a court for a preservation order for the expeditious preservation of any personal data including traffic personal data where there is reasonable ground to believe that the personal data is vulnerable to loss or modification. The order shall specify a period which shall not be more than ninety days and may be extended by the court.,REQ-059-1,Compliance with a court preservation order,The organisation can suspend deletion and modification of specified personal data on receipt of a preservation order and evidence that it has done so.,"If a court ordered you to preserve specific personal data, could you stop it being deleted or changed - including by automated retention jobs?",Automated deletion routines will keep running unless someone stops them. A preservation order breached by a scheduled job is still a breached order.,"Define a legal hold capability that suspends automated deletion and restricts modification for identified records, including in backups. Record the hold, its scope and its release. Sequence it ahead of the section 28 disposal process.","A tested legal hold capability covering all systems, with a hold register recording scope and release.",YES_PARTIAL_NO,Implemented | Partially implemented | Not implemented | Not applicable | I do not know,true,UNIVERSAL,,CONTROLLER_AND_PROCESSOR,RECOMMENDED_BY_DATAGUARD,Legal Hold Procedure | Legal Hold Register | System Capability Assessment | Court Order,STRONG,ANNUAL,ENFORCEMENT,HIGH,"DataGuard default risk classification: High. Breach of a court order is a serious matter, and loss through an automated job is a foreseeable and preventable failure.","Build a legal hold capability that suspends automated deletion, and test it on a sample record set.",Implement a legal hold capability that suspends automated deletion,HIGH,ACTIVE,1.0.0,ACT_EXPLICIT,NONE,The preservation duty interacts with section 28 disposal and with section 29(2) preservation of pre-amendment records. Disposal processes must yield to a preservation order.
PDPA-060-001,Personal Data Protection Act,2022,IX,Miscellaneous Provisions,60,Offences of unlawful disclosure of personal data,60(1),,Section 60(1),"A data controller who, without lawful excuse, discloses personal data in any manner that is incompatible with the purpose for which such personal data has been collected commits an offence.",REQ-060-1,Prevention of disclosure incompatible with the collection purpose,"Controls prevent disclosure of personal data in a manner incompatible with the purpose for which it was collected, and staff understand this is a criminal offence.",Do your controls and your staff training prevent personal data being shared in ways that clash with the purpose it was collected for?,"This is a criminal offence, not just a regulatory contravention, and the penalties reach five billion shillings for a company or corporation.",Combine the disclosure register from PDPA-026-001 with technical controls on data export and with staff training that names the criminal consequence. Review ad hoc disclosure requests against the recorded purpose.,"Disclosure controls in place, a maintained disclosure register, and training records covering the offence.",YES_PARTIAL_NO,Implemented | Partially implemented | Not implemented | Not applicable | I do not know,true,UNIVERSAL,,CONTROLLER,RECOMMENDED_BY_DATAGUARD,Disclosure Register | Data Protection Policy | Training Records | Access Control Procedure,STRONG,ANNUAL,DISCLOSURE,CRITICAL,"DataGuard default risk classification: Critical. Section 60(1) is a criminal offence, and section 62 extends liability to officers who knowingly and willfully authorise or permit the contravention.","Tighten export and sharing controls, complete the disclosure register, and run targeted training for staff who handle disclosure requests.",Implement controls and training against incompatible disclosure of personal data,CRITICAL,ACTIVE,1.0.0,ACT_EXPLICIT,NONE,"Section 60(6) penalties: individual - fine of not less than TZS 100,000 and not exceeding TZS 20,000,000, or imprisonment not exceeding ten years, or both; company or corporation - fine of not less than TZS 1,000,000 and not exceeding TZS 5,000,000,000."
PDPA-060-002,Personal Data Protection Act,2022,IX,Miscellaneous Provisions,60,Offences of unlawful disclosure of personal data,60(2),,Section 60(2),"A data processor who, without lawful excuse, discloses personal data processed by the data processor without the prior authority of the data controller commits an offence.",REQ-060-2,Processor discloses only with prior controller authority,"Acting as a processor, the organisation discloses personal data only with the prior authority of the controller, and records that authority.","Where you process data for someone else, do you get their permission in advance before disclosing it to anyone, and do you keep a record?",This is a criminal offence specific to processors. It catches routine situations such as responding to a third party request without checking with the controller first.,"Define an authority check before any disclosure of controller data, including responses to law enforcement and other third party requests. Record the authority obtained. Route any legal compulsion through counsel.",A disclosure authority procedure with a log of controller authorities obtained.,YES_NO,Yes | No | Not applicable | I do not know,true,ROLE_SPECIFIC,Do you process personal data on behalf of another organisation?,PROCESSOR,RECOMMENDED_BY_DATAGUARD,Disclosure Authority Log | Processor Agreement | Documented Processing Instructions | Training Records,STRONG,ANNUAL,DISCLOSURE,CRITICAL,DataGuard default risk classification: Critical. Section 60(2) creates direct criminal liability for the processor and its officers under section 62.,Implement a prior authority check for all disclosures of controller data and start the authority log.,Implement a prior controller authority check for processor disclosures,CRITICAL,ACTIVE,1.0.0,ACT_EXPLICIT,NONE,
PDPA-060-003,Personal Data Protection Act,2022,IX,Miscellaneous Provisions,60,Offences of unlawful disclosure of personal data,60(3),(a)-(b),Section 60(3)(a)-(b),"A person who obtains personal data, or obtains any information constituting personal data, without prior authority of the data controller or data processor by whom the personal data is kept, or discloses personal data to a third party, commits an offence.",REQ-060-3,No obtaining or onward disclosure of personal data without authority,"Staff and contractors do not obtain personal data from other organisations without authority, and do not disclose personal data to third parties without authority.","Are your people clear that taking personal data from another organisation without permission, or passing personal data to an outsider, is a criminal offence?","This limb catches individuals, not only organisations. It reaches situations like an employee bringing a customer list from a previous employer.","Cover this expressly in the acceptable use policy, in employment terms and in induction training. Screen third party data sources for provenance, linking to PDPA-022-004.","Policy and training in place covering obtaining and disclosing personal data without authority, with acknowledgement records.",YES_PARTIAL_NO,Implemented | Partially implemented | Not implemented | Not applicable | I do not know,true,UNIVERSAL,,CONTROLLER_AND_PROCESSOR,RECOMMENDED_BY_DATAGUARD,Acceptable Use Policy | Employment Terms | Training Records | Data Source Register,MODERATE,ANNUAL,DISCLOSURE,HIGH,"DataGuard default risk classification: High. Individual criminal liability attaches, and the conduct is frequently committed without awareness that it is an offence.","Add explicit wording to the acceptable use policy and induction training, and screen incoming data sources.",Add unauthorised obtaining and disclosure to policy and induction training,HIGH,ACTIVE,1.0.0,ACT_EXPLICIT,NONE,
PDPA-060-004,Personal Data Protection Act,2022,IX,Miscellaneous Provisions,60,Offences of unlawful disclosure of personal data,60(4),,Sections 60(4) and 60(5),A person who offers for sale personal data of another person obtained in breach of subsection (1) commits an offence. An advertisement indicating that personal data is or may be for sale constitutes an offer for sale of the personal data.,REQ-060-4,No offering of unlawfully obtained personal data for sale,"The organisation does not sell, offer for sale or advertise the sale of personal data obtained in breach of section 60(1), and monitors any commercial data activity for this risk.","Do you have any commercial arrangement that involves selling or advertising the sale of personal data, and have you checked how that data was obtained?",Section 60(5) is broad: an advertisement indicating that data is or may be for sale is itself an offer for sale.,"Review any data monetisation, list rental or data brokerage activity. Confirm provenance and lawful basis before any such activity, and take legal advice.","Any data sale or monetisation activity is inventoried with provenance and lawful basis confirmed, or the organisation has confirmed it has none.",YES_NO,Yes | No | Not applicable | I do not know,true,CONDITIONAL,"Do you sell, offer for sale, or advertise the sale of personal data in any form?",CONTROLLER_AND_PROCESSOR,RECOMMENDED_BY_DATAGUARD,Data Monetisation Register | Data Source Register | Legal Assessment Note | Data Protection Policy,STRONG,ANNUAL,DISCLOSURE,CRITICAL,"DataGuard default risk classification: Critical. This is a criminal offence carrying the section 60(6) penalties, and section 60(5) extends it to advertising alone.","Inventory any data sale activity, verify provenance, and obtain legal advice before continuing.",Review any sale or advertising of personal data for lawfulness,CRITICAL,ACTIVE,1.0.0,ACT_EXPLICIT,NONE,"INTERPRETATION: section 60(4) refers to data obtained in breach of subsection (1), which addresses disclosure by a data controller. The precise scope of the cross-reference is not elaborated in the Act."
PDPA-061-001,Personal Data Protection Act,2022,IX,Miscellaneous Provisions,61,"Offences of unlawful destruction, deletion, concealment or alteration of personal data",,,Section 61,"A person who unlawfully destroys, deletes, misleads, conceals or alters personal data commits an offence and shall, upon conviction, be liable to a fine of not less than one hundred thousand shillings but not exceeding ten million shillings or to imprisonment for a term not exceeding five years or both.",REQ-061-1,"Prevention of unlawful destruction, deletion, concealment or alteration","Technical and organisational controls prevent unlawful destruction, deletion, concealment or alteration of personal data, and such actions are detectable after the fact.","Are you able to prevent, and to detect afterwards, anyone unlawfully deleting, hiding or altering personal data?","This is a criminal offence in its own right. It also matters during an investigation, where deleting or altering records looks like concealment whatever the intention.","Restrict destructive rights, keep tamper-evident audit logs, and monitor for bulk deletion or alteration. Reinforce during any investigation or legal hold. This builds on PDPA-027-003 and PDPA-027-004.","Destructive rights restricted, tamper-evident logging in place, and alerting on bulk deletion or alteration.",YES_PARTIAL_NO,Implemented | Partially implemented | Not implemented | Not applicable | I do not know,true,UNIVERSAL,,CONTROLLER_AND_PROCESSOR,RECOMMENDED_BY_DATAGUARD,Access Control Procedure | Audit Log Configuration | Monitoring and Alerting Configuration | Training Records,STRONG,QUARTERLY,DATA_INTEGRITY,HIGH,"DataGuard default risk classification: High. Section 61 creates a criminal offence with an express penalty, and undetected alteration also breaches sections 24 and 27(1).","Restrict destructive permissions, enable tamper-evident logging, and alert on bulk changes.",Restrict destructive rights and enable tamper-evident logging over personal data,HIGH,ACTIVE,1.0.0,ACT_EXPLICIT,NONE,"Section 61 penalty: fine of not less than TZS 100,000 and not exceeding TZS 10,000,000, or imprisonment not exceeding five years, or both. This penalty is specific to section 61."
PDPA-062-001,Personal Data Protection Act,2022,IX,Miscellaneous Provisions,62,Offences by company or corporation,,,Section 62,"Where an offence under this Act is committed by a company or corporation, the company or corporation and every officer of the company or corporation who knowingly and willfully authorises or permits the contravention shall be liable for the offence.",REQ-062-1,Officer accountability and board oversight of data protection,"Officers are made aware of their personal exposure under section 62, and data protection is subject to documented board or senior management oversight.","Do your directors and senior officers know they can be personally liable, and does the board receive regular reporting on data protection?",Section 62 attaches personal liability to officers who knowingly and willfully authorise or permit a contravention. Documented oversight is how officers show they engaged with the issue.,"Brief the board and senior officers on section 62. Establish periodic data protection reporting to the board, minuted, drawing on the data protection officer reports under section 27(3).","Documented officer briefing and a recurring, minuted board or senior management reporting item on data protection.",YES_PARTIAL_NO,Implemented | Partially implemented | Not implemented | Not applicable | I do not know,true,UNIVERSAL,,CONTROLLER_AND_PROCESSOR,RECOMMENDED_BY_DATAGUARD,Board Minutes | Officer Briefing Record | DPO Report | Governance Framework,STRONG,QUARTERLY,GOVERNANCE,HIGH,"DataGuard default risk classification: High. Personal officer liability is a distinct exposure, and the absence of oversight records makes the knowingly and willfully question harder to answer favourably.",Brief the board on section 62 and establish a standing data protection reporting item.,Establish board-level data protection oversight and brief officers on section 62,HIGH,ACTIVE,1.0.0,ACT_DERIVED,NONE,ACT_DERIVED. Section 62 states the liability; it does not expressly require board reporting. The oversight arrangement is DataGuard implementation guidance responding to that liability.
PDPA-064-001,Personal Data Protection Act,2022,IX,Miscellaneous Provisions,64,Regulations,64(2),(a)-(l),Section 64(1)-(2),"The Minister may make regulations for giving effect to the provisions of this Act, including regulations prescribing exempt instances, registration procedures, the functions of the data protection officer, the functions of the data controller representative, procedures for enforcing rights, procedures for submitting complaints, conditions for processing sensitive personal data, appropriate security standards, fees, procedures for retention and disposal, categories and cases in which transborder data flow may not be allowed, and anything necessary for the better carrying out of the Act.",REQ-064-1,Monitoring of regulations made under the Act,"The organisation monitors for regulations made under section 64 and assesses their effect on its controls, because many obligations under the Act are completed by regulations.",Do you have someone responsible for watching for new regulations under the Act and working out what they mean for you?,"A large part of the operational detail in this Act - registration procedure, DPO functions, security standards, retention, transfer prohibitions - is left to regulations. Controls built without them will need revisiting.","Assign an owner for regulatory monitoring, subscribe to Government Notice publications, and define how a new regulation triggers reassessment of the affected controls and of the control matrix version.","A named owner, a monitoring source, and a documented reassessment trigger for new regulations.",YES_PARTIAL_NO,Implemented | Partially implemented | Not implemented | Not applicable | I do not know,true,UNIVERSAL,,CONTROLLER_AND_PROCESSOR,RECOMMENDED_BY_DATAGUARD,Regulatory Change Log | Compliance Calendar | Governance Framework,MODERATE,QUARTERLY,GOVERNANCE,MEDIUM,"DataGuard default risk classification: Medium. Missing a new regulation does not itself contravene the Act, but it leaves controls built on incomplete requirements.",Assign a regulatory monitoring owner and set a quarterly review.,Assign ownership for monitoring regulations made under the Act,MEDIUM,ACTIVE,1.0.0,ACT_DERIVED,REGULATORY_DETAIL_PENDING,ACT_DERIVED. Section 64 empowers the Minister; it imposes no monitoring duty on the organisation. Every control in this matrix marked REGULATORY_DETAIL_PENDING depends on regulations under this section.
PDPA-065-001,Personal Data Protection Act,2022,IX,Miscellaneous Provisions,65,Code of ethics for personal data protection,65(1),,Section 65(1),Every data controller shall draw and put in place a code of ethics or policy for personal data protection.,REQ-065-1,Code of ethics or personal data protection policy exists,The data controller has drawn up and put in place a written code of ethics or personal data protection policy.,Have you written and put in place a code of ethics or a data protection policy for your organisation?,"Section 65(1) applies to every data controller with no threshold. It is a document the Commission can ask for at any time, and section 46(2)(i) treats adherence to codes of ethics as relevant to any penalty.","Produce a written code or policy, have it approved by the accountable body, and version it. Drawn and put in place implies both adoption and operation, so accompany it with communication and training.","An approved, dated and versioned code of ethics or data protection policy, communicated to staff.",DOCUMENT_REQUIRED,,true,UNIVERSAL,,CONTROLLER,REQUIRED_BY_ACT,Code of Ethics | Data Protection Policy | Approval Record | Training Records,STRONG,ANNUAL,GOVERNANCE,CRITICAL,"DataGuard default risk classification: Critical. The duty applies to every data controller, it is binary, and its absence is immediately apparent to the Commission.","Draft the code or policy, obtain formal approval, publish it internally, and prepare it for submission under section 65(2).",Draw up and adopt a code of ethics or personal data protection policy,CRITICAL,ACTIVE,1.0.0,ACT_EXPLICIT,NONE,
PDPA-065-002,Personal Data Protection Act,2022,IX,Miscellaneous Provisions,65,Code of ethics for personal data protection,65(1),,Section 65(1),The code of ethics or policy shall prescribe for ethics and conduct to be complied with during collection or processing of personal data.,REQ-065-1,Scope of the code covers ethics and conduct in collection and processing,"The code or policy addresses the ethics and conduct expected during collection and processing of personal data, not merely high-level principles.",Does your code or policy actually say how people should behave when collecting and handling personal data?,The Act specifies the subject matter: ethics and conduct during collection or processing. A document of general statements does not meet that description.,"Cover conduct expectations at collection, use, disclosure, retention and disposal, together with roles, escalation and consequences of breach. Map the code sections against the Act so gaps are visible.","A code or policy with conduct provisions covering the full data lifecycle, mapped against the Act.",YES_PARTIAL_NO,Implemented | Partially implemented | Not implemented | Not applicable | I do not know,true,UNIVERSAL,,CONTROLLER,REQUIRED_BY_ACT,Code of Ethics | Data Protection Policy | Policy Coverage Mapping,STRONG,ANNUAL,GOVERNANCE,HIGH,"DataGuard default risk classification: High. Section 65(3) requires the Commission to ascertain whether the draft complies with the Act and the relevant sector, so a thin code will fail at approval.",Expand the code to cover the full lifecycle and map its sections against the Act before submission.,Extend the code of ethics to cover conduct across the data lifecycle,HIGH,ACTIVE,1.0.0,ACT_EXPLICIT,NONE,
PDPA-065-003,Personal Data Protection Act,2022,IX,Miscellaneous Provisions,65,Code of ethics for personal data protection,65(1),,Section 65(1),"Every data controller shall draw and put in place a code of ethics or policy, which requires formal adoption by the data controller.",REQ-065-1,Approval and adoption of the code of ethics,"The code or policy has been formally approved and adopted by the accountable body within the organisation, with the approval recorded.","Has your code or policy been formally approved by your board or senior management, with the approval recorded?",A draft that has never been adopted has not been put in place. The approval record is also what connects the document to accountable officers for the purposes of section 62.,"Record the approving body, the date and the version. Re-approve on material change.","An approval record naming the approving body, the date and the version approved.",YES_PARTIAL_NO,Implemented | Partially implemented | Not implemented | Not applicable | I do not know,true,UNIVERSAL,,CONTROLLER,RECOMMENDED_BY_DATAGUARD,Board Minutes | Approval Record | Code of Ethics | Version History,STRONG,ANNUAL,GOVERNANCE,HIGH,"DataGuard default risk classification: High. Without adoption the code is not in place, and the section 65(1) duty remains unmet however good the draft is.",Take the code to the board or senior management for formal approval and minute it.,Obtain and record formal approval of the code of ethics,HIGH,ACTIVE,1.0.0,ACT_DERIVED,NONE,ACT_DERIVED from the requirement to draw and put in place. The Act does not prescribe who must approve the code within the organisation.
PDPA-065-004,Personal Data Protection Act,2022,IX,Miscellaneous Provisions,65,Code of ethics for personal data protection,65(2),,Section 65(2),Such codes or policies shall be submitted to the Commission for consideration and approval.,REQ-065-2,Code of ethics submitted to the Commission for approval,"The code or policy has been submitted to the Commission for consideration and approval, and the submission and any response are retained.","Have you submitted your code of ethics or data protection policy to the Commission for approval, and do you have proof?","Adoption alone is not enough. Section 65(2) requires submission to the Commission for consideration and approval, and this step is frequently overlooked.","Submit the approved code to the Commission, retain proof of submission, track the response, and act on any amendments the Commission requires under section 65(3).","Proof of submission on file, with the Commission response and approval status tracked.",DOCUMENT_REQUIRED,,true,UNIVERSAL,,CONTROLLER,REQUIRED_BY_ACT,Proof of Submission | Commission Correspondence | Commission Approval | Code of Ethics,STRONG,ANNUAL,GOVERNANCE,CRITICAL,"DataGuard default risk classification: Critical. Section 65(2) is expressed in mandatory terms, the step is binary, and an unsubmitted code leaves the section 65 duty only half discharged.",Submit the approved code to the Commission and retain proof of submission and the response.,Submit the code of ethics to the Commission for consideration and approval,CRITICAL,ACTIVE,1.0.0,ACT_EXPLICIT,NONE,"OPEN_QUESTION: the Act does not state a deadline for submission, the form of submission, or the consequence of the Commission not responding."
PDPA-065-005,Personal Data Protection Act,2022,IX,Miscellaneous Provisions,65,Code of ethics for personal data protection,65(3),,Section 65(3),"In considering the codes of ethics or policies, the Commission shall ascertain whether the drafts have complied with the provisions of this Act and the relevant sector and where it considers necessary, seek the views of data subjects or their representatives and consult with the data controller for the purposes of undertaking necessary amendments prior to the approval.",REQ-065-3,Engagement with Commission consideration and required amendments,"The organisation engages with the Commission consultation on its code, implements required amendments, and maintains version control over the code.","If the Commission asked for changes to your code before approving it, could you respond, make the changes and track the versions?","Approval is a process, not a filing. The Commission may consult data subjects and require amendments before approving.","Name an owner for the Commission dialogue, keep a version history of the code, and record which version was submitted, which amendments were required, and which version was approved.","A version-controlled code with a record of Commission correspondence, required amendments and the approved version.",YES_PARTIAL_NO,Implemented | Partially implemented | Not implemented | Not applicable | I do not know,true,UNIVERSAL,,CONTROLLER,RECOMMENDED_BY_DATAGUARD,Version History | Commission Correspondence | Amendment Record | Code of Ethics,STRONG,ANNUAL,GOVERNANCE,MEDIUM,"DataGuard default risk classification: Medium. The section directs the Commission, but failing to respond to a consultation stalls approval indefinitely.",Establish version control over the code and name an owner for Commission correspondence.,Maintain version control and Commission correspondence records for the code of ethics,MEDIUM,ACTIVE,1.0.0,ACT_EXPLICIT,NONE,Section 65(3) directs the Commission. The organisation obligation is derived: it must be able to respond and to amend. Periodic review of the code is IMPLEMENTATION_GUIDANCE; the Act imposes no review cycle.
